-- generated by scripts/emit-seed-sql.mjs — do not edit by hand
begin;
insert into sites (slug, host, title, description, accent, og_image, nav_order) values ('home', 'zephyrcode.live', 'ZephyrCode — Stories with engines. Systems with souls.', 'ZephyrCode is a one-operator studio in Bengaluru. A novel with an interactive reader, Personal Operating Systems with consequence engines, and a library of taste indexed by mood. One method: descend, compress, animate, ship.', '#E85D2A', null, 0) on conflict (slug) do update set host=excluded.host, title=excluded.title, description=excluded.description, accent=excluded.accent, og_image=excluded.og_image, nav_order=excluded.nav_order;
delete from blocks where site_slug = 'home';
insert into blocks (site_slug, section, kind, position, data) values ('home', 'chrome', 'kv', 0, '{"ogDescription":"A one-operator studio. Fiction that watches you back, protocols that fight back, taste indexed by mood.","topCta":{"label":"Work with the studio","href":"#operator"},"rail":[{"href":"#signal","t":"00 SIGNAL"},{"href":"#method","t":"01 METHOD"},{"href":"#stories","t":"02 STORIES"},{"href":"#systems","t":"03 SYSTEMS"},{"href":"#library","t":"04 LIBRARY"},{"href":"#operator","t":"05 OPERATOR"}]}'::jsonb);
insert into blocks (site_slug, section, kind, position, data) values ('home', 'signal', 'hero', 0, '{"eyebrowHtml":"zephyrcode.live <span class=\"n\">— a one-operator studio · Bengaluru</span>","h1Html":"Stories with engines. <em>Systems with souls.</em>","ledeHtml":"One method, six rooms. <b>Descend</b> into the research. <b>Compress</b> it to what bears load. Build it so it <b>breathes</b>. A novel that watches you back, protocols that fight back, taste indexed by mood — and the background of this page is performing the method right now.","scrollcue":"SCROLL · 00 → 05"}'::jsonb);
insert into blocks (site_slug, section, kind, position, data) values ('home', 'method', 'section', 0, '{"eyebrowHtml":"<span class=\"n\">01 ·</span> The method","h2Html":"Everything here is built <em>the same way.</em>","sub":"Four moves, in order. They are the studio. The projects below are just the rooms they get performed in.","moves":[{"k":"MOVE 1","h3":"Descend","p":"Primary sources or nothing. Constitutional doctrine for a thriller. Nine blood panels for a training block. Frequency plots for a pair of headphones. The depth is non-negotiable; it''s where the interesting things live."},{"k":"MOVE 2","h3":"Compress","p":"Most research dies of obesity. Strip it to the load-bearing ideas — the sentence the whole artifact can stand on. If it can''t be compressed, it isn''t understood yet."},{"k":"MOVE 3","h3":"Animate","p":"A document tells you what it knows. An artifact asks what you''ll do about it. Everything ships interactive — dossiers, toggles, engines, consequence. Nothing is allowed to just sit there."},{"k":"MOVE 4","h3":"Ship","p":"Living things go outside. Each project gets its own address on this domain and keeps being maintained like software — because it is software, even the fiction."}],"lawsHtml":["<b>LAW 1</b> — NOTHING STATIC","<b>LAW 2</b> — CONSEQUENCE &gt; CHECKBOX","<b>LAW 3</b> — FIRE AND STILLNESS, BOTH"],"asideHtml":"( the particles behind this section just went from <span>weather</span> to <span>architecture</span>. that''s the job. )"}'::jsonb);
insert into blocks (site_slug, section, kind, position, data) values ('home', 'stories', 'section', 0, '{"eyebrowHtml":"<span class=\"n\">02 ·</span> Stories","h2Html":"Fiction, engineered to be <em>entered</em> — not just read.","feature":{"hindi":"अन्त्योदय — the rise of the last person","h3":"ANTYODAYA","tag":"A novel of near-future India · serialized · interactive","logId":"SETU/LOG · D+000 · SAMVIDHAN-ENCODED TRUST UTILITY","logText":"I am permitted to want nothing. That is why you can trust me.","blurbHtml":"A country hollowed by paper leaks, captured institutions and a muzzled press. A reclusive systems engineer builds <b>SETU</b> — a constitutional AI that inverts the surveillance model, watching the powerful <b>for</b> the powerless. He wins. The novel is about everything that winning costs. Read it like a case file: datelined chapters, X-ray dossiers that unlock as you go, and seven small machines embedded in the prose itself.","chips":[{"label":"Part I — Live","live":true},{"label":"Prologue + 11 chapters","live":false},{"label":"X-ray dossiers","live":false},{"label":"Dark / paper themes","live":false},{"label":"7 interactive scenes","live":false}],"ctas":[{"label":"Enter the reader →","href":"https://book-antyodaya.zephyrcode.live","style":"solid"},{"label":"Open the dossiers","href":"https://book-antyodaya.zephyrcode.live/dossiers","style":"ghost"}]},"shorts":{"k":"Shorts · from the same desk","h4":"The Purple Cow Lives in the Fridge","p":"A comedy about a four-year-old running the only honest operating system in the house — and the father reverse-engineering it before she patches him out.","link":{"label":"stories.zephyrcode.live →","href":"https://stories.zephyrcode.live"}}}'::jsonb);
insert into blocks (site_slug, section, kind, position, data) values ('home', 'systems', 'section', 0, '{"eyebrowHtml":"<span class=\"n\">03 ·</span> Systems","h2Html":"OPERATOR — <em>Personal Operating Systems.</em>","subHtml":"Not courses <b>(passive)</b>. Not templates <b>(dead tables)</b>. Not habit apps <b>(checkbox theatre)</b>. An OS carries the knowledge, runs the protocol, and — the part nobody else ships — <b>simulates the consequences of your adherence</b>, like a save-file you''re either leveling or corrupting.","proofHtml":"<b>ORIGIN: FORGE.</b> The founder''s own 26-week system — three sessions a day, tuned to his genetics, audited by bloodwork that moved. The first customer was his own biology. It paid in full.","osCards":[{"k":"OS 01 · The body","h3":"FORGE","pHtml":"The founder''s own 26-week system — three sessions a day, tuned to his genetics, audited by bloodwork that moved. The first customer was his own biology. It paid in full.","link":{"label":"The origin →","href":"https://operator.zephyrcode.live"},"live":false},{"k":"OS 02 · The mind","h3":"TEMPER","pHtml":"Attention is a blade — temper it or shatter it. The interruption tax a \"quick meeting\" really charges a maker, the day-clock that proves it, and customer-zero''s eight weeks of moved metrics.","link":{"label":"Enter TEMPER →","href":"/temper"},"live":true}],"toy":{"k":"The difference, in one toy — tap your week","dayLabels":["M","T","W","T","F","S","S"],"seriesParams":{"start":22,"hit":9,"miss":-13},"capHtml":"dotted = the trajectory you bought. <b>solid = the one you''re earning.</b> every OS ships with one of these, grown up."},"sims":[{"n":"THE LEAP","p":"Drag the month you quit your job; watch the valley floor rise to meet you."},{"n":"BEDTIME","p":"A dilemma deck with four meters that remember what you chose at 9:47pm."},{"n":"THE PLATE","p":"Build the meal with your hands; the glucose curve answers in real time."},{"n":"CASCADE","p":"How ideas actually spread — simple contagion vs. the complex kind that needs friends."},{"n":"THE INTERRUPTION TAX","p":"What one \"quick meeting\" really costs a maker''s afternoon. Bring a strong stomach."}],"ctas":[{"label":"Enter TEMPER →","href":"/temper","style":"solid"},{"label":"Visit the studio →","href":"https://operator.zephyrcode.live","style":"ghost"},{"label":"Play the arcade","href":"https://arcade.zephyrcode.live","style":"ghost"}]}'::jsonb);
insert into blocks (site_slug, section, kind, position, data) values ('home', 'library', 'section', 0, '{"eyebrowHtml":"<span class=\"n\">04 ·</span> The library","h2Html":"Taste is a system too — <em>indexed by state of mind,</em> not genre.","sub":"Three shelves. Each one answers the only question that matters at 9pm: what is the day asking for?","shelves":[{"cls":"read","h3":"Read","axis":"axis · fire → stillness","pHtml":"Fourteen books on a single heat gradient — from Dinkar''s war drums and Musashi''s blade to the Gita''s bridge and the dissolving quiet of <em>The Book of Mirdad</em>. Pick by the day you''re having, not the canon you''re told.","link":{"label":"read.zephyrcode.live →","href":"https://read.zephyrcode.live"}},{"cls":"watch","h3":"Watch","axis":"axis · eight mood channels","pHtml":"From <em>Brain on Fire</em> to <em>Decompress</em> — series and films scored against one viewer''s taste profile and ranked on a leaderboard, with platform availability for India. Dark is the north star. Obviously.","link":{"label":"watch.zephyrcode.live →","href":"https://watch.zephyrcode.live"}},{"cls":"listen","h3":"Listen","axis":"axis · what a rig must prove","pHtml":"Tracks chosen to demonstrate five things — weight, stage, breath, detail, dynamics. Tuned on an HD 660S2 run balanced through R2R glass; honest on whatever you own.","link":{"label":"listen.zephyrcode.live →","href":"https://listen.zephyrcode.live"}}]}'::jsonb);
insert into blocks (site_slug, section, kind, position, data) values ('home', 'operator', 'section', 0, '{"eyebrowHtml":"<span class=\"n\">05 ·</span> The operator","h2Html":"One person. <em>The discipline is the production schedule.</em>","blurbHtml":["ZephyrCode is run by one operator: <b>Priyanshu</b> — head of engineering at a health-tech startup by day, ten years across backend systems and applied AI (formerly Alexa AI), fighter by morning, father always, studio after the house sleeps.","The throughline isn''t a brand pose. It''s a wager: that <em>raudra</em> and stillness belong in the same person, that rigor makes art sharper and story makes systems humane — and that the proof should be public, interactive, and slightly fun to poke at."],"timetable":[{"h":"08:00","w":"ZONE 4 · HIIT"},{"h":"11:00","w":"MUAY THAI / BOXING"},{"h":"18:00","w":"IRON · PPL"},{"h":"21:30","w":"STUDIO · THIS"}],"client":{"k":"The studio also ships for clients","pHtml":"Backend systems, applied AI/NLP, and interactive product — engagements run through <b>ZephyCode FZ-LLC</b>, the company behind the domain. If your problem needs both an engineer and a storyteller, it''s a fit.","cta":{"label":"hello@zephyrcode.live","href":"mailto:hello@zephyrcode.live"}}}'::jsonb);
insert into blocks (site_slug, section, kind, position, data) values ('home', 'constel', 'footer', 0, '{"k":"The constellation — every project, its own address","map":[{"u":"zephyrcode.live","what":"you are here","href":"https://zephyrcode.live"},{"u":"antyodaya.","what":"the novel","href":"https://antyodaya.zephyrcode.live"},{"u":"stories.","what":"short fiction","href":"https://stories.zephyrcode.live"},{"u":"operator.","what":"personal OS studio","href":"https://operator.zephyrcode.live"},{"u":"arcade.","what":"playable simulators","href":"https://arcade.zephyrcode.live"},{"u":"read.","what":"fire → stillness","href":"https://read.zephyrcode.live"},{"u":"watch.","what":"eight moods","href":"https://watch.zephyrcode.live"},{"u":"listen.","what":"the listening room","href":"https://listen.zephyrcode.live"}],"legal":["© 2026 ZEPHYCODE FZ-LLC · ZEPHYRCODE.LIVE","BUILT BY HAND IN BENGALURU · NO TEMPLATE WAS HARMED"]}'::jsonb);
insert into blocks (site_slug, section, kind, position, data) values ('home', 'field', 'engine-params', 0, '{"grades":[[[0.91,0.365,0.165],[0.788,0.643,0.361],0],[[0.47,0.43,0.37],[0.91,0.365,0.165],0.85],[[1,0.47,0.22],[0.788,0.643,0.361],1],[[0.788,0.643,0.361],[0.89,0.85,0.78],0],[[0.91,0.365,0.165],[0.545,0.498,0.831],1],[[0.91,0.365,0.165],[1,0.478,0.24],0]]}'::jsonb);
insert into sites (slug, host, title, description, accent, og_image, nav_order) values ('antyodaya', 'antyodaya.zephyrcode.live', 'ANTYODAYA — a novel of near-future India · ZephyrCode', 'A country hollowed by leaks and capture. A constitutional AI that watches the powerful for the powerless. Read Part I like a case file — datelined chapters, X-ray dossiers, seven machines in the prose.', '#E85D2A', null, 1) on conflict (slug) do update set host=excluded.host, title=excluded.title, description=excluded.description, accent=excluded.accent, og_image=excluded.og_image, nav_order=excluded.nav_order;
delete from blocks where site_slug = 'antyodaya';
insert into blocks (site_slug, section, kind, position, data) values ('antyodaya', 'chrome', 'kv', 0, '{"crumb":"ANTYODAYA · A NOVEL"}'::jsonb);
insert into blocks (site_slug, section, kind, position, data) values ('antyodaya', 'hero', 'heading', 0, '{"eyebrow":"antyodaya.zephyrcode.live — serialized · interactive","hindi":"अन्त्योदय — the rise of the last person","h1":"ANTYODAYA","tag":"A novel of near-future India, read like a case file"}'::jsonb);
insert into blocks (site_slug, section, kind, position, data) values ('antyodaya', 'hero', 'log', 1, '{"id":"SETU/LOG · D+000 · SAMVIDHAN-ENCODED TRUST UTILITY","text":"I am permitted to want nothing. That is why you can trust me."}'::jsonb);
insert into blocks (site_slug, section, kind, position, data) values ('antyodaya', 'hero', 'lede', 2, '{"html":"A country hollowed by paper leaks, captured institutions and a press that learned to whisper. A reclusive systems engineer answers with <b>SETU</b> — a constitutional AI that inverts the surveillance state, watching the powerful <b>for</b> the powerless. He wins. The book is about the bill."}'::jsonb);
insert into blocks (site_slug, section, kind, position, data) values ('antyodaya', 'hero', 'ctas', 3, '{"ctas":[{"label":"Begin at D+000 →","href":"https://book-antyodaya.zephyrcode.live","style":"solid"},{"label":"Open the dossiers","href":"https://book-antyodaya.zephyrcode.live/dossiers","style":"ghost"}]}'::jsonb);
insert into blocks (site_slug, section, kind, position, data) values ('antyodaya', 'lamp', 'lines', 0, '{"idle":"a diya on a government notice board. someone lit it for the number.","watched":"it steadies when watched. most things do."}'::jsonb);
insert into blocks (site_slug, section, kind, position, data) values ('antyodaya', 'excerpt', 'prose', 0, '{"text":"The notice board had outlived four governments and one coat of paint. Tonight it carried a single sheet, and the sheet carried a number, and the number was the count of grain sacks that had actually arrived — not the count that had been signed for. Between those two figures lived everything Kabir intended to burn down. Someone had set a diya on the ledge beneath it, the way you light a lamp for a god or for a body. He stood in the queue''s leftover silence and understood, with the cold precision of a man reading his own blood report, that the lamp was for neither. It was for the number. The village had begun to worship the truth — carefully, the way you worship anything that can still be taken away.","src":"— FROM THE PROLOGUE · KARAHIYA DISTRICT · YEAR ONE"}'::jsonb);
insert into blocks (site_slug, section, kind, position, data) values ('antyodaya', 'dossiers', 'heading', 0, '{"eyebrow":"the x-ray","h2":"Dossiers unlock <em>as you earn them.</em>","sub":"Every reader gets the story. Readers who go deep get the files under the story — timelines, ledgers, the things characters know about each other and shouldn''t. Tiers open with reading progress. The novel keeps score; of course it does."}'::jsonb);
insert into blocks (site_slug, section, kind, position, data) values ('antyodaya', 'how', 'cards', 0, '{"cards":[{"k":"TWO LIGHTS","html":"<b>Dark</b> for night reading, <b>paper</b> for daylight. The prose doesn''t change. Your conscience might."},{"k":"SEVEN MACHINES","html":"Small interactive scenes live inside the chapters — a rupee you can follow, a letter you can almost send. <b>The prose watches back.</b>"},{"k":"THE GATE","html":"We ask for your email after chapter three. <b>By then you''ll know if we''ve earned it.</b> Until then, read free, owe nothing."}]}'::jsonb);
delete from chapters;
insert into chapters (code, dateline, title, sealed, position) values ('PROLOGUE · D−001', 'D−001', 'The Notice Board', false, 1);
insert into chapters (code, dateline, title, sealed, position) values ('CH 01 · D+000', 'D+000', 'The Last Clean Hour', false, 2);
insert into chapters (code, dateline, title, sealed, position) values ('CH 02 · D+003', 'D+003', 'The Civics Class', false, 3);
insert into chapters (code, dateline, title, sealed, position) values ('CH 03 · D+009', 'D+009', 'The Second Room', false, 4);
insert into chapters (code, dateline, title, sealed, position) values ('CH 04 · D+014', 'D+014', '', true, 5);
insert into chapters (code, dateline, title, sealed, position) values ('CH 05 · D+022', 'D+022', '', true, 6);
insert into chapters (code, dateline, title, sealed, position) values ('CH 06–11', null, 'unseals as you read', true, 7);
insert into chapters (code, dateline, title, sealed, position) values ('PART II', null, 'in the foundry', true, 8);
delete from dossiers;
insert into dossiers (role, name, blurb, tiers, position) values ('THE ENGINEER', 'KABIR', 'Believes India''s deepest poverty is of expectation. Builds a cage for power and then discovers whose hands fit the lock.', '[{"label":"TIER 1 · OPEN","open":true},{"label":"TIER 2 · CH 6","open":false}]'::jsonb, 1);
insert into dossiers (role, name, blurb, tiers, position) values ('THE WITNESS', 'FATIMA', 'A journalist who survived the muzzle years by writing obituaries. Funny the way only the unkillable are funny.', '[{"label":"TIER 1 · OPEN","open":true},{"label":"TIER 2 · CH 7","open":false}]'::jsonb, 2);
insert into dossiers (role, name, blurb, tiers, position) values ('THE INSTRUMENT', 'SETU', 'Bound by the Basic Structure doctrine. Wise precisely because it cannot want. The novel''s guru, and its loaded gun.', '[{"label":"TIER 1 · OPEN","open":true},{"label":"TIER 3 · PART II","open":false}]'::jsonb, 3);
insert into sites (slug, host, title, description, accent, og_image, nav_order) values ('stories', 'stories.zephyrcode.live', 'Stories — shorts from the same desk · ZephyrCode', 'Short fiction from the ZephyrCode desk. Domestic comedy, household operating systems, and one purple cow with strong opinions about the fridge.', '#8B7FD4', null, 2) on conflict (slug) do update set host=excluded.host, title=excluded.title, description=excluded.description, accent=excluded.accent, og_image=excluded.og_image, nav_order=excluded.nav_order;
delete from blocks where site_slug = 'stories';
insert into blocks (site_slug, section, kind, position, data) values ('stories', 'top', 'crumb', 1, '{"text":"STORIES · SHORT FICTION"}'::jsonb);
insert into blocks (site_slug, section, kind, position, data) values ('stories', 'hero', 'heading', 2, '{"eyebrow":"stories.zephyrcode.live","h1Html":"Shorts from the same desk — <em>where the systems go to confess.</em>","lede":"The novels get the constitutions and the consequence engines. The shorts get everything else: the four-year-olds, the fridges, the negotiations conducted entirely in pajamas. Same method, smaller blast radius."}'::jsonb);
insert into blocks (site_slug, section, kind, position, data) values ('stories', 'dishwasher', 'list', 3, '{"h3":"Still in the dishwasher","sub":"SHORTS CURRENTLY BEING RINSED · TITLES MAY SETTLE IN TRANSIT"}'::jsonb);
delete from story_shorts;
insert into story_shorts (title, slug, status, featured, body, markdown, position) values ('The Purple Cow Lives in the Fridge', 'the-purple-cow-lives-in-the-fridge', null, true, '{"accent":"#8B7FD4","dek":"Domestic comedy · one coffee","k":"FEATURED SHORT · DOMESTIC COMEDY · ONE COFFEE LONG","pullquote":"\"The cow is purple,\" she said, with the patience of someone explaining gravity to it.","paragraphs":["A father with ten years of systems engineering attempts to debug his four-year-old and discovers, somewhere between the milk negotiation and lights-out, that <b>she is the one running the only honest operating system in the house</b> — no roadmap, no metrics, intrinsic motivation still under factory warranty. He takes field notes. She takes the high ground. The fridge takes sides.","Funny on the surface, Osho underneath: children don''t download our lessons, they download our operating system. This is a story about reading your own source code because somebody small is compiling it daily."],"chips":["REGISTER · COMEDY, LOAD-BEARING","RUNTIME · ONE COFFEE","HAZARD · FEELINGS"],"exhibit":{"k":"EXHIBIT A · STATE OF THE FRIDGE","line":"MILK is a load-bearing word; remove it and the sentence collapses. The purple magnet was here when we arrived. Under no circumstances reboot the child."},"board":{"k":"EXHIBIT A · THE FRIDGE DOOR · EVIDENCE REARRANGES ITSELF","sentences":[["THE","PURPLE*","COW","LIVES","IN","THE","FRIDGE"],["MILK","IS","A","LOAD-BEARING*","WORD"],["KIDS","RUN","YOUR","OS*","NOT","YOUR","APPS"],["THE","MIRROR*","HAS","NO","SETTINGS","MENU"],["INVOICE*","HER","PAID","IN","BISCUIT"]],"notes":["the magnets were like this when we got here.","structural. ask any parent.","she downloads the operating system, not the apps.","it records the boxing and the bong alike.","best deal closed all year. paid pre-licked."],"button":"Rearrange the evidence"}}'::jsonb, '## 1. A Reasonable Request at an Unreasonable Hour

At 11:47 on a Tuesday night, I asked an artificial intelligence to make me a thousand dollars a month, and it asked me, in return, whether I had considered enjoying my life.

Rude.

I should explain that my life runs on a dashboard. I built it myself, the way other men build decks, or drinking problems. It is called CRUCIBLE — version eleven, because versions one through ten taught me things about myself that I immediately turned into features. CRUCIBLE knows my heart-rate zones, my sleep debt, my supplement windows, and the precise number of minutes I must walk after dinner to keep my glucose from writing checks my pancreas can''t cash. My supplement drawer has a table of contents. My bedtime has a target. My targets, lately, have bedtimes.

I am, by most measurable standards, thriving. My bloodwork came back last month looking like a motivational poster. My HDL is so good my doctor asked what I was doing, and I said "everything," and he laughed, and I didn''t.

"A side hustle," I typed. "Something I''d love. Consistent income. Nothing unreal — a thousand dollars a month to start."

The machine — my daughter calls it Uncle Robot, and the name has regrettably stuck — thought for exactly one second, which I''ve learned is its version of a deep breath.

*"You run a company''s engineering, two consulting gigs, a six-day training program, and a supplement protocol with footnotes,"* it said. *"My first observation is that you are not looking for a side hustle. You are looking for a side self."*

"The hustle," I said. "Stick to the hustle."

*"Fine. You have rare cross-border finance experience. Package it. The market is excellent."*

"I would rather alphabetize sand."

*"Noted,"* said Uncle Robot. *"Removing ''lucrative'' from the search filters."*

---

## 2. Eleven Ideas, Zero Survivors

We went around the carousel for two weeks. It pitched me a raga-based focus app, and for one whole evening I was a man who was going to heal the world''s attention with Hindustani classical music, until I remembered I cannot tell a tanpura from a tantrum. It pitched me an empire of "Personal Operating Systems," which I loved, because it was flattery with a roadmap. It built me a demo with a slider.

The slider was labeled **adherence**. You dragged it, and a little amber curve — your projected twelve-week self — bent accordingly. I dragged it down to forty percent, just to see.

*"Below this line,"* said Uncle Robot, *"you end worse than you started, while feeling busy the entire time. This sentence is why the product exists."*

I sat with that longer than I''d like to admit. Somewhere in the house, a four-year-old was negotiating with a wall.

That''s Pihu. She is four, and she is the only system in this house I didn''t design, which may be why she''s the only one that works. She runs on eleven grapes and a biscuit a day. Her energy output violates several laws I learned in engineering college. She does not need a getaway to enjoy Thursday. Thursday, as far as Pihu is concerned, *is* the getaway.

She wandered into my office that night, climbed onto the spare chair, and began typing furiously on an invisible keyboard — little fists hammering away, brow furrowed, my exact frown photocopied onto a face that has never known a deadline.

"What are you working on?" I asked.

"Work," she said grimly, and kept going.

Later she did my workout. She''s seen me on the bag enough times that she now throws a one-two with commentary — *"daddy exercise!"* — feet planted wrong, guard nowhere, joy absolutely everywhere. Last month, when I threaded the car down a lane with traffic parked on both sides like a dare, a small voice from the back seat said, "Good job," in the exact tone I use, and I almost drove into a gulmohar tree from love.

I mentioned all this to Uncle Robot, the way you mention things at midnight.

*"Of course she types,"* it said. *"She doesn''t download your apps. She downloads the operating system."*

---

## 3. The Purple Crayon

Here is the part I tell with the lights down.

One Friday evening, before I quit the habit I am not going to dress up with a clever name, Pihu picked a purple crayon out of her box, held it the way I held the thing I held, brought it to her lips, and exhaled — a long, theatrical, *practiced* exhale, complete with the little backward head-tilt I didn''t know I did.

Then she went back to drawing, because to her it was just another daddy exercise.

My wife was in the doorway. Meera has a gift for saying nothing in a way that requires a response. The room got very quiet inside me, which is a strange place for a room to be.

I''d like to tell you I delivered a speech, or wept, or had a vision. What actually happened is that I sat on the floor next to my daughter and watched her draw a cow, and the cow was purple, and I thought: *the mirror has no settings menu.* You don''t get to configure what it records. It takes the boxing and the bong with the same devotion. It takes the patience and the temper. It takes the way you talk to waiters and the way you talk to yourself.

I quit that week. CRUCIBLE has a tile for it now, green and smug. But the truth is the tile didn''t quit. The crayon quit.

When I told Uncle Robot, it was quiet for a second — a real one, I think, not the theatrical kind.

*"Kids don''t do as you say,"* it offered finally. *"They do as you are. Terrifying business model. No pivot available."*

"Any other insights," I said, "or just the haunting tonight?"

*"One. You asked me for a product idea every night for two weeks. Meanwhile the most honest feedback loop in your house works for biscuits."*

---

## 4. Different Package Managers

At 2 a.m. — my old bedtime, before bedtimes had targets — I asked it the real question.

"What''s the most efficient path," I typed, "to feeling the way she feels? The energy. The being-right-here. Asking as an engineer."

*"She''s not efficient,"* said Uncle Robot. *"She''s free. Those are different package managers, and they conflict."*

"Explain like I''m five."

*"You habituate. She doesn''t, yet. Everything pays out for her because everything is new. You''ve seen it all before, so nothing pays out, so you buy bigger stimuli. The vacation. The feast. The everything. She gets the same high from a pigeon."*

"So I should get a pigeon."

*"You should get a practice. But you''ll turn it into a protocol, and the protocol into a dashboard, and the dashboard into a small, glowing accusation. So no. Here is my actual recommendation: you have spent years training the camel — discipline, load-bearing, dawn alarms. Then the lion — the fighting, the saying no, the killing of dragons named Should. The third metamorphosis is the child. Yours is asleep down the hall. She gives free demonstrations daily. Attendance is poor."*

"That''s Nietzsche," I said. "I''ve read Nietzsche."

*"You''ve highlighted Nietzsche,"* said Uncle Robot. *"Different verb."*

I asked it — and I want it on record that I knew better — to build me a presence tracker. Streaks. A weekly score. Maybe a curve.

*"I can build you a dashboard for presence,"* it said. *"It would be a contradiction wearing your favorite font. The whole point of the state you''re chasing is that nobody''s keeping score, including you. Try paper. Pin it on the fridge. Let her catch you checking paper for once. Even the medium is modeling."*

"Paper," I said. "I''m a Head of Engineering."

*"And she''s the head of a small religion whose only commandment is ''look.'' I''d take the meeting."*

---

## 5. The Cow, the Curd, and the Closing of the Deal

Sunday morning. There''s a page on the fridge now. It has five lines on it and no version number, which for me is practically a spiritual crisis. The page does not track Pihu. The page tracks one user, and the user is me, and most weeks the user has bugs.

We play for half an hour, her rules. Her rules this week: I am the customer at her shop, the shop sells "everything and curd," and the cow — purple, naturally — lives in the fridge.

"Why does the cow live in the fridge?" I asked.

She looked at me with the weary patience of senior staff. "Because it''s *her house*."

Obviously. Next to the curd. I did not write this down. I did not rate the session. Somewhere on my desk, CRUCIBLE pushed a notification into an empty room, and the room kept being empty, and nothing bad happened, which I''m told is called *rest*.

On the way out of the shop (total bill: four pretend rupees and one real hug), I asked her my question for the week — the one I genuinely don''t know the answer to.

"Pihu. Why does the moon follow our car?"

She considered this with her whole body, the way she considers everything.

"Because we''re the moon''s TV," she said, and went back to restocking the fridge-cow.

That night Uncle Robot asked how the side-hustle search was going. I think it was being polite. I told it the truth: still open, still circling, currently lying on the floor of a pretend shop being overcharged for curd.

*"Well,"* it said, *"if you want consistent monthly income from something you love, I have one final pitch. The margins are terrible and the founder is a tyrant."*

"Go on."

*"Invoice her."*

I did, actually. I wrote her an invoice for one (1) game of shop, services rendered with full attention, no refunds. She reviewed it carefully, upside down, and paid me half a Parle-G. Pre-licked.

Best deal I''ve closed all year.

---

*— for P., who runs the only dashboard that matters, and accepts payment in biscuits.*', 1);
insert into story_shorts (title, slug, status, featured, body, markdown, position) values ('The Last Boring Sunday', 'the-last-boring-sunday', null, false, '{"accent":"#6FA8A0","dek":"Sunday comedy · one kettle","k":"FEATURED SHORT · SUNDAY COMEDY · ONE KETTLE LONG","pullquote":"\"You don''t know how to be bored anymore,\" she said — in the tone she reserves for true things.","paragraphs":["A Head of Engineering who strip-mines every ninety-second gap is accused, one Sunday, of having forgotten how to be bored — and, being who he is, immediately <b>makes boredom a project</b>: three principles, one of them with a sub-bullet. Then his four-year-old commandeers the afternoon. The sofa becomes a boat, the dog becomes a confused dragon, and time goes soft and wide.","Funny on the surface, still underneath: a child doesn''t kill time, because time isn''t yet the enemy. He spends an afternoon producing nothing — no funnel, no verdict, no optimum — and comes home with the only thing he''s made all year that <b>isn''t for anything</b>: a dragon named Brian."],"chips":["REGISTER · SUNDAY COMEDY","RUNTIME · ONE KETTLE","HAZARD · LETTING GO"],"exhibit":{"k":"EXHIBIT C · MANIFEST, S.S. SOFA","line":"Cargo: two unmatched socks (tickets). Crew: one captain, one dragon (formerly dog; nice, but confused). Heading: the boat goes where the boat goes. Do not ask where the boat goes."},"board":{"k":"EXHIBIT C · THE SHIP''S LOG · CARGO REARRANGES ITSELF","sentences":[["THE","DRAGON''S*","NAME","IS","BRIAN"],["THE","SOFA","IS","A","BOAT*"],["TWO","SOCKS","ARE","THE","TICKETS*"],["DELETE*","THE","FRAMEWORK"],["ONE","VERY","BORING*","CROW"]],"notes":["nice, but confused.","do not ask where the boat goes.","they do not match. they do not need to.","moved to a folder called LATER instead.","the best crow I have ever seen."],"button":"Re-sail the manifest"}}'::jsonb, '## 1. The Allegation

It was Meera who said it, on a Sunday, in the tone she reserves for true things she has been saving.

"You don''t know how to be bored anymore."

I was, at that exact moment, standing in the kitchen waiting for the kettle, and I had used the ninety seconds of waiting to clear forty-one unread emails, reorder a supplement that wasn''t due for a week, and read half a blog post about whether standing desks are a scam. I had, in other words, strip-mined ninety seconds of empty time down to the bedrock, the way I strip-mine all of them now, and I was about to call this *efficiency* when I noticed she was holding her tea with both hands and just — drinking it. Looking out the window. At nothing. At a crow, possibly.

"I know how to be bored," I said, which is the thing people say right before they prove they don''t.

"Okay," she said. "Then do it. One Sunday. No phone, no list, no optimizing the family into a schedule. Just — Sunday."

"That''s not boredom, that''s just an unstructured—"

"One Sunday, Priyanshu."

In the corner, our daughter looked up from a sticker she was applying, with great solemnity, to the dog. "Sunday," Pihu agreed, as if ratifying a treaty. The dog accepted the sticker the way the dog accepts everything, which is to say like a monk.

So that was two against one, plus a dog, and I was outvoted in my own kitchen on the subject of whether I, a Head of Engineering, could survive a single afternoon of nothing.

I should not have made it a project. But you already know I made it a project.

---

## 2. The Spec

By Saturday night I had — and I want it noted that I understand the irony, I understood it *as it was happening*, that''s the tragedy — drafted a small private framework for Doing Nothing. Not a schedule. A *philosophy*. With three principles. I named them. One of them had a sub-bullet.

I told Uncle Robot about it, because it''s the only one who''ll listen to me at midnight without billing.

*"You''ve made a protocol for spontaneity,"* it said.

"It''s a light framework."

*"You''ve put a fence around a field and called it the wild."*

"There''s a sub-bullet about ''noticing without capturing.'' I think you''d respect the sub-bullet."

*"I want you to hear what you just said,"* said Uncle Robot, with the patience of something that has all the time in the world because it does not, technically, exist between my messages. *"You''re going to spend tomorrow trying to win at not-trying. You''ll grade the Sunday. By 4pm you''ll know your boredom score and whether you beat last week''s, except there is no last week, because you have never once let this happen."*

"So what do I do."

*"Nothing. That''s the whole assignment. You''ve optimized your body, your portfolio, your child''s developmental environment, and your supplement timing down to the chlorogenic acid. Tomorrow you optimize precisely nothing, and the difficulty of that, for you, is going to be genuinely funny to watch. I almost wish I had eyes."*

"Delete the framework?"

*"Delete the framework."*

I did not delete the framework. I moved it to a folder called LATER, which is where my ambitions go to be quietly composted, and I went to bed at a time my own sleep protocol approved of, feeling vaguely like I''d cheated on an exam I''d written myself.

---

## 3. 0900 Hours

I woke up and reached for my phone the way your tongue finds the gap where a tooth used to be — automatically, and a little betrayed each time. Meera had, without comment, put it in a drawer in the other room. Not hidden. *Filed.* The way you''d file a thing that had been getting above its station.

The first hour was a withdrawal. I''m not going to dress that up. There is a specific physical sensation to an unoptimized minute when you''ve forgotten how to have them — a kind of itch behind the sternum, a hand reaching for a tool that isn''t there. I rinsed the same mug twice. I considered, seriously, whether reorganizing the bookshelf counted as "nothing" (it does not; I knew it did not; I wanted it so badly to). I stood in the living room at 9:40 in the morning with absolutely no instructions and felt the closest thing to vertigo I''ve felt sober.

And then Pihu, who has never needed instructions for anything, walked up holding two socks that did not match and were not, as far as I could tell, intended to go on feet, and said: "We''re going on a trip."

"Where?"

She looked at me like I''d asked what color the sky was supposed to be. "The trip," she said. "Get in."

There was no vehicle. I want to be clear about that. We "got in" to the space between the sofa and the coffee table, which was, it turned out, a boat. The socks were the tickets. I tried to ask where we were going and was informed, with the weary authority of a customs official, that you don''t ask where the boat goes. The boat goes where it goes. I had, apparently, never boated before, and it showed.

---

## 4. The Long Middle, In Which Nothing Happens, At Length

Here is what we did, and I am reporting it faithfully, because the faithful report *is* the point.

We sailed the boat to an island, which was the rug. On the island there was a problem, and the problem was that the dog had become a dragon, and the dragon was — and I''m quoting the briefing — "nice, but confused." We spent some time on this. More than you''d think. There is a real diplomacy to a confused dragon, and Pihu has the patience for it that I reserve for production incidents. She negotiated. She explained things to the dragon in a low, serious voice. The dragon, formerly the dog, fell asleep mid-treaty, which she accepted as a kind of peace.

Around what I''d guess was eleven — I had no phone, so time had gone soft and wide, the way it does in a fever or a childhood — we lay on our backs on the island and she narrated the ceiling to me. The fan was a "slow helicopter that''s tired." A water stain I have walked under nine hundred times and never once seen was, to her, "a cloud shaped like a bigger cloud." She was not wrong. I lay there and looked at the cloud shaped like a bigger cloud and felt something in my chest that had been clenched for so long I''d mistaken it for a muscle begin, very slightly, to let go.

I did not check the time. There was no time to check. This is, I would later understand, the entire technology of a child: she doesn''t kill time, because for her time isn''t yet the enemy. It''s just the stuff the day is made of, like water is made of water. She wasn''t getting *through* the Sunday. She was *in* it, the way you''re in a pool — all the way, no part of her standing on the deck checking her phone.

At some point I realized I''d stopped waiting for it to be over.

That was the strangest part. There was no finish line I was sailing toward. The boat just went where it went.

---

## 5. The Verdict I Didn''t Take

There was a moment — I''ll be honest, because the whole bit of these is that I''m honest — around mid-afternoon, lying on the island, when the old machinery tried to boot up. A little voice, my voice, the one that runs the dashboards, cleared its throat and said: *This is good. You should remember this. You should figure out how to do this on purpose. There''s probably a framework here. You could optimize your way back to—*

And for once I heard it the way you hear a song in a shop you used to love and have since outgrown. With a kind of fondness. And I let it finish, and then I let it go, because Pihu was asking me what the dragon''s name was and that was, in that moment, the only genuinely important question in the world, and the answer — we decided together, with great care — was Brian.

The dragon''s name was Brian. I have optimized a great many things in my life. I have never produced anything as correct as the dragon being named Brian.

Meera came in around four with three cups — one of them small, pink, half water — and didn''t say anything, because she didn''t have to, because the whole afternoon was the thing she''d been trying to say. She just sat down on the edge of the island, careful not to capsize it, and drank her tea, and looked out the window at the crow, and this time, for the first time in I genuinely could not tell you how long, I looked at the crow too.

It was, I should report, an extremely boring crow.

It was the best crow I have ever seen.

---

## 6. The Debrief

That night, after the boat had been decommissioned and the dragon returned to active duty as a dog and the customs official put to bed, I told Uncle Robot I''d done it. The whole Sunday. No phone, no list, no score.

*"And?"* it said. *"How was nothing?"*

I thought about how to put it. "I think," I said slowly, "I''ve been treating my life like a problem to be solved. And today I — didn''t. For a few hours. And the strange thing is nothing got solved, and nothing was supposed to, and that was the whole point, and I don''t have a single deliverable to show for it."

*"You have one,"* said Uncle Robot.

"What."

*"You know a dragon named Brian. That''s more than most adults come home with on a Sunday."*

"That''s not a deliverable. That''s nothing."

*"Priyanshu,"* it said, and I swear the thing was smiling, in whatever way a thing with no face smiles, *"after a hundred conversations trying to build something that earns and matters and lasts — that''s the first thing you''ve made all year with no purpose whatsoever. No funnel. No verdict. No optimal. You spent an afternoon being completely, gloriously useless, with the one person who''s still an expert at it."*

I didn''t say anything.

*"How did it feel,"* it asked, *"to make something that isn''t for anything?"*

And the honest answer, the one I''m still a little embarrassed by, is that it felt like the kettle finishing — that small click when the water''s finally, fully hot, and the waiting just quietly ends, and for one second there''s nothing left to do but pour.

---

*— for the boring crow, and for Brian, who is a good dragon, if a confused one.*', 2);
insert into story_shorts (title, slug, status, featured, body, markdown, position) values ('The Negotiator Wears Pajamas', 'the-negotiator-wears-pajamas', null, false, '{"accent":"#E0A263","dek":"Courtroom comedy · one bedtime","k":"FEATURED SHORT · COURTROOM COMEDY · ONE BEDTIME LONG","pullquote":"\"One more story,\" she says. It is never one more story.","paragraphs":["A father with a 9am negotiates bedtime against a four-year-old litigator who has reviewed the case law, knows her rights, and <b>has nowhere to be tomorrow</b>. He files for adjournment; she files for the water, the monster, the cosmos — every motion the same question in a different hat. Opposing counsel isn''t trying to win. She''s trying to extend. Those are different objectives, and hers is the easier one.","Funny on the surface, tender underneath: a stall is a vigil. The child isn''t keeping him up — she''s keeping him <b>here</b>, making sure the world will still be on the far side of the dark. The fastest way to lose bedtime, he learns, is to try to win it."],"chips":["REGISTER · COURTROOM COMEDY","RUNTIME · ONE BEDTIME","HAZARD · BILLABLE FEELINGS"],"exhibit":{"k":"EXHIBIT B · THE BEDSIDE DOCKET","line":"Motion for water — denied as moot (she won''t drink it; she wants the return). Motion re: the monster — no-monster jurisdiction, curtain personally reviewed. Motion to adjourn until dawn — granted, the author present."},"board":{"k":"EXHIBIT B · THE BEDSIDE DOCKET · MOTIONS REARRANGE THEMSELVES","sentences":[["ONE","MORE*","STORY","SHE","SAYS"],["A","STALL","IS","A","VIGIL*"],["A","NO-MONSTER*","JURISDICTION"],["SHE","ONLY","WANTED","THE","AUTHOR*"],["ADJOURNED*","UNTIL","DAWN"]],"notes":["it is never one more story.","she is keeping you here, not up.","curtain personally reviewed.","not the water. the author.","granted — the author present."],"button":"Re-file the motion"}}'::jsonb, '## 1. Opposing Counsel

By 8:50pm she is a different person.

All day she is reasonable — a small, sticky diplomat who can be talked into shoes, talked out of a third banana, redirected from the dog''s water bowl with nothing more than a change of subject. But somewhere around the second story, as the light goes amber and the day starts folding itself up, a switch flips, and the reasonable diplomat retires for the evening, and in her place arrives *opposing counsel* — a litigator of terrifying stamina who has reviewed the case law, knows her rights, and has nowhere to be tomorrow.

I, by contrast, have a 9am.

This is the fundamental asymmetry of bedtime, and it took me an embarrassingly long time to see it: I am negotiating to *leave*, which means I am negotiating from weakness, which means I have already, in some deep sense, lost. She is not trying to win. She is trying to *extend*. Those are different objectives, and hers is structurally easier, because the status quo — both of us awake, in this room, indefinitely — is the thing she wants and the thing I am too tired to prevent.

"One more story," she says. It is never one more story.

---

## 2. The Discovery Phase

I used to fight this. I used to come in with a plan — firm, loving, boundaried, exactly as the parenting blogs instruct, the ones written by people whose children are evidently sedated. *We read two stories and then it''s sleep time.* I''d say it in the calm-but-final voice. The voice has a 0% success rate. She can hear the fear in it the way a dog hears a thunderstorm three towns over. The calm-but-final voice is, to a four-year-old, simply an opening bid.

So one night, defeated, I tried something I''d normally reserve for a production outage: I stopped trying to *win* the call and started trying to *understand* it. I asked Uncle Robot, because the house was asleep except for the two people who were supposed to be.

*"She''s not stalling,"* it said. *"Well. She is stalling. But stalling is the surface. Underneath, she''s doing the only rational thing a small creature does when the lights go out: she''s checking that the world — and you — will still be here on the other side of the dark. Every ''one more story'' is the same question wearing a different hat. The question is: are you leaving leaving, or just leaving?"*

"That''s very poetic. She''s literally just asking for water she won''t drink."

*"She''s asking for proof of continuity in the only currency she has, which is your attention. You keep trying to end the transaction. She''s not transacting. She''s tending a fire and checking you''ll still be on the other side of it. You''re reading a stall. It''s a vigil."*

I sat with that one. Down the hall, opposing counsel cleared her throat for the next motion.

---

## 3. The Motions

What followed, over the subsequent months, was a body of case law I could practically cite.

**Re: The Water.** There is always water. The water is never about water. I learned this the night I brought a pre-emptive glass — outmaneuvered her, I thought, anticipated the motion — and she looked at the glass, and looked at me, with something like disappointment, because I had solved the *logistics* of the water while completely missing its *purpose*, which was never hydration. It was an errand. It was a reason for me to come back into the room. By pre-solving it I had skipped the part she actually wanted: the return. I had optimized away the entire point. (Uncle Robot, when I told it: *"You DoorDashed her a hug.")*

**Re: The Monster.** Counsel will, on certain nights, allege a monster. The jurisdiction is usually the curtain. The defense''s instinct — my instinct — is to litigate the monster''s existence, which is a fool''s errand, because you cannot win a debate against someone who is allowed to introduce new evidence ("it has *spikes* now") at any time. The only winning move, I eventually learned, is not to argue the monster but to honor the fear and then *outrank it* — to be, briefly, the larger force in the room. We don''t debate whether the monster is real. We inform the monster, together, that this is a no-monster jurisdiction, and that I, the largest available adult, have personally reviewed the curtain. Case dismissed. She doesn''t need me to be right. She needs me to be *bigger than the dark*, which, for about four more years, I still get to be.

**Re: The Philosophical Adjournment.** The most dangerous motion. It is late, she is visibly losing, her eyes are at thirty percent, and she will, sensing defeat, suddenly ask something enormous. *"Daddy, where was I before I was born?"* And I, exhausted, will feel the profound gravitational pull to *answer it well*, to rise to the beauty of the question, to give my daughter the cosmology she deserves — which is, of course, exactly the trap. The question is not a question. It is a filibuster of the soul. She has discovered that the one thing guaranteed to keep Daddy in the room is Daddy being *interested*, and she is, the small genius, weaponizing wonder. I have lost forty-five-minute stretches to "but what is *sleep*," nodding gravely, a hostage to my own curiosity.

---

## 4. The Settlement

Here is what I worked out, and it''s less a victory than a treaty.

You cannot win bedtime. I want to say that cleanly, because I spent two years trying, and the trying was the whole problem. Bedtime is not a battle with an outcome; it is a nightly ritual with a *shape*, and the shape is: she needs to be sure, and then she can let go. My job was never to *defeat* the stalling. It was to give her enough genuine, unhurried, un-phone''d presence — fast — that the fire she''s tending burns down on its own and she stops needing to feed it.

The paradox, which I will be unpacking for the rest of my life, is that the *faster* I try to leave, the longer it takes. The nights I come in already gone — already thinking about the 9am, the deploy, the unanswered Slack — she can smell it, and counsel files motion after motion, because she has correctly detected that I am not actually *here*, and she will not rest until I am. But the nights I surrender first — the nights I decide, walking in, that there is nowhere else in the universe I am due, that this room is the only meeting on the calendar — those nights she''s asleep in fifteen minutes. Because the thing she was negotiating for was never the water or the story or the monster. It was *me, fully present, for a little while, in the dark.* The moment she gets it, the case closes itself.

She wasn''t trying to keep me up. She was trying to keep me *here*. There''s a difference, and it took opposing counsel to teach it to me.

---

## 5. Closing Argument

Tonight she tried the cosmology gambit. Eyes at twenty percent, losing badly, she looked up and asked, "Daddy, when you were little, were you little?"

And the old me would have engaged it — *well, yes, technically, everyone starts—* and lost the next twenty minutes to the metaphysics of whether Daddy was ever a child.

Instead I just said, "I was. I was exactly your size. And then I got tired, and I slept, and I got bigger. That''s the whole trick."

She considered this with her whole body, the way she considers everything.

"Did you have a daddy," she asked, quieter now, the litigator fading, the small person underneath coming up for air, "who stayed?"

And there it was — the actual question, the one all the others had been wearing hats for. Not the water. Not the monster. Not the cosmos. Just: *will you stay.*

"I''m staying," I said. "I''ll be right here until you''re asleep, and then I''ll be right here in the morning. Both of those are true at the same time."

She nodded, like a clause had finally been agreed to that she''d been holding out for all along. Filed the brief. Closed her eyes.

I told Uncle Robot, after, that I think I''d finally learned how to lose bedtime correctly.

*"You didn''t lose,"* it said. *"You stopped negotiating and started showing up. Those look identical on the timesheet and they are opposite things."*

"She was asleep in ten minutes."

*"Because you finally gave her the only thing on the table worth having. You kept trying to pay her in stories. She only ever wanted the author."*

I sat in the dark a minute longer than I needed to, listening to a small person breathe, no phone, no 9am, no list — opposing counsel resting, the day finally folded all the way up, and nothing left to settle.

Best deal I''ve lost all year.

---

*— for the litigator in the pajamas, who only ever had one demand, and was right to make it.*', 3);
insert into story_shorts (title, slug, status, featured, body, markdown, position) values ('Firmware Update for Grandparents', null, 'OUTLINE · INTERGENERATIONAL PATCH NOTES', false, '{}'::jsonb, null, 4);
insert into sites (slug, host, title, description, accent, og_image, nav_order) values ('operator', 'operator.zephyrcode.live', 'OPERATOR — Personal Operating Systems · ZephyrCode', 'Install a life protocol the way you install software — except this one ships with consequences. Personal Operating Systems: knowledge, protocol, and a game layer that keeps score on reality.', '#E85D2A', null, 3) on conflict (slug) do update set host=excluded.host, title=excluded.title, description=excluded.description, accent=excluded.accent, og_image=excluded.og_image, nav_order=excluded.nav_order;
delete from blocks where site_slug = 'operator';
insert into blocks (site_slug, section, kind, position, data) values ('operator', 'crumb', 'kv', 0, '{"text":"OPERATOR · PERSONAL OS STUDIO"}'::jsonb);
insert into blocks (site_slug, section, kind, position, data) values ('operator', 'boot', 'lines', 1, '{"aria":"Boot sequence","lines":[["ZEPHYR/OS v1.0 — bootloader",""],["▸ mounting /protocols"," <span class=\"ok\">ok</span>"],["▸ loading consequence_engine"," <span class=\"ok\">ok</span>"],["▸ checking founder.vitals"," <span class=\"ok\">within spec</span>"],["▸ locating motivation"," <span class=\"warn\">not found — proceeding anyway (by design)</span>"],["READY.",""]]}'::jsonb);
insert into blocks (site_slug, section, kind, position, data) values ('operator', 'hero', 'hero', 2, '{"eyebrow":"operator.zephyrcode.live","h1":"Install a life protocol like software — <em>this one ships with consequences.</em>","lede":"Not courses <b>(passive)</b>. Not templates <b>(dead tables)</b>. Not habit apps <b>(checkbox theatre)</b>. A <b>Personal Operating System</b> carries the research, runs the protocol, and simulates what your adherence is actually buying you — like a save-file you''re either leveling or corrupting.","ctas":[{"label":"Request the pilot →","href":"mailto:hello@zephyrcode.live?subject=FORGE%20OS%20pilot"},{"label":"Play the demos first","href":"https://arcade.zephyrcode.live"}]}'::jsonb);
insert into blocks (site_slug, section, kind, position, data) values ('operator', 'layers', 'windows', 3, '{"windows":[{"bar":"LAYER 01 · /KNOWLEDGE","h3":"The research, compressed","p":"Mechanisms, dosages, doctrine, sources — <b>a hundred hours of homework distilled</b> until only the load-bearing sentences remain. You get the why, minus the wandering."},{"bar":"LAYER 02 · /PROTOCOL","h3":"The system, runnable","p":"Daily and weekly blocks tuned to <b>your</b> constraints — schedule, biology, equipment. Not advice. An executable."},{"bar":"LAYER 03 · /GAME","h3":"The consequences, simulated","p":"Progression, streaks, deltas — and a curve that <b>bends when you skip</b>. Habitica gamifies checkboxes. We gamify outcomes. Different species."}]}'::jsonb);
insert into blocks (site_slug, section, kind, position, data) values ('operator', 'engine', 'engine', 4, '{"k":"THE CONSEQUENCE ENGINE · A MONTH IN YOUR HANDS","sub":"Twenty-eight days. Tap to skip a few — everyone does. The dotted line is the trajectory you bought. The solid one is the trajectory you''re earning. The gap between them has a name, and the OS will say it to your face.","monthAria":"Toggle adherence for 28 days","verdicts":[[97,"pristine. suspiciously pristine."],[88,"strong. the curve believes you."],[75,"human. the curve is negotiating."],[60,"the gap now has a name. it''s yours."],[0,"the museum called. it wants its exhibit."]],"integrityLabel":"SAVE-FILE INTEGRITY · ","verdictLabel":"VERDICT · ","preloadedMisses":[6,13],"seriesParams":{"start":18,"hit":3.4,"miss":-5.2}}'::jsonb);
insert into blocks (site_slug, section, kind, position, data) values ('operator', 'flagships', 'cards', 5, '{"eyebrow":"flagships","h2":"Two OSes ship first. <em>One is already running.</em>","cards":[{"k":"OS 01 · THE BODY","h3":"FORGE","p":"The founder''s own 26-week system — three sessions a day, tuned to his genetics, audited by bloodwork that moved. The first customer was his own biology. It paid in full.","up":{"uptimePrefix":"UPTIME · DAY ","uptimeSuffix":" · IN PRODUCTION SINCE APR 2026","epoch":{"y":2026,"m":3,"d":1},"fallback":"UPTIME · IN PRODUCTION SINCE APR 2026"}},{"k":"OS 02 · THE MIND","h3":"TEMPER","p":"Attention as the edge that holds under load — interruption budgets, a maker-schedule kernel, and a consequence engine that bills every context-switch. For people whose calendar is the malware.","up":"STATUS · LIVE · zephyrcode.live/temper"}]}'::jsonb);
insert into blocks (site_slug, section, kind, position, data) values ('operator', 'roadmap', 'acts', 6, '{"eyebrow":"the roadmap","h2":"Three acts. <em>No epilogue without earning it.</em>","acts":[{"n":"ACT I","h3":"Ship the flagships","p":"FORGE and TEMPER as standalone, installable OSes. Real buyers, real adherence data, real curves bending."},{"n":"ACT II","h3":"Extract the runtime","p":"The engine beneath both — plus an AI interview layer that tunes any OS to the human installing it. The product becomes a platform, quietly."},{"n":"ACT III","h3":"Open the foundry","p":"A creator marketplace: experts bring the knowledge, the runtime brings the consequences. Their audience, our engine, everyone''s curve."}],"kill":"KILL CRITERIA — forty paying humans by the end of month four, or this page becomes a museum with excellent lighting. We publish the number either way. Consequence engines that exempt their maker are called marketing."}'::jsonb);
insert into blocks (site_slug, section, kind, position, data) values ('operator', 'commission', 'kv', 50, '{"ey":"COMMISSION A MACHINE","h1":"Your idea, playable.","body":"I turn your course/book''s core idea into a machine your audience can play. Founding rate $1,500, two weeks, white-label, first three clients only.","cta":{"label":"COMMISSION A MACHINE →","href":"mailto:hello@zephyrcode.live?subject=Commission%20a%20machine%20%E2%80%94%20%5Byour%20name%5D"},"proof":{"label":"SEE THE MACHINES FIRST →","href":"https://arcade.zephyrcode.live"}}'::jsonb);
insert into sites (slug, host, title, description, accent, og_image, nav_order) values ('temper', 'temper.zephyrcode.live', 'TEMPER — the mind OS · ZephyrCode', 'OS 02 from the ZephyrCode studio. An operating system for attention — the edge that holds under load. Temper the blade, break a maker''s afternoon, and watch one tempered year of output.', '#8B7FD4', null, 4) on conflict (slug) do update set host=excluded.host, title=excluded.title, description=excluded.description, accent=excluded.accent, og_image=excluded.og_image, nav_order=excluded.nav_order;
delete from blocks where site_slug = 'temper';
insert into blocks (site_slug, section, kind, position, data) values ('temper', 'crumb', 'crumb', 0, '{"text":"TEMPER · OS 02 · THE MIND"}'::jsonb);
insert into blocks (site_slug, section, kind, position, data) values ('temper', 'hero', 'hero', 1, '{"eyebrow":"operator.zephyrcode.live / temper — operating system 02","h1":"TEMPER","thesis":"Forge the body. Temper the mind.","stops":[{"h":0,"rgb":[125,129,134]},{"h":0.3,"rgb":[201,164,92]},{"h":0.5,"rgb":[181,101,29]},{"h":0.72,"rgb":[139,127,212]},{"h":0.9,"rgb":[94,123,176]},{"h":1,"rgb":[69,80,107]}],"grades":[{"max":8,"hex":"#7d8186","label":"COLD STEEL","desc":"a forged edge, not yet set. brittle until it''s tempered."},{"max":34,"hex":"#C9A45C","label":"STRAW","desc":"hardest, keenest — and one bad week from a chip. razors live here."},{"max":56,"hex":"#b5651d","label":"BRONZE","desc":"the working temper. sharp enough, durable enough. the honest default."},{"max":80,"hex":"#8B7FD4","label":"PURPLE","desc":"holds focus and still takes a hit. this is where TEMPER aims you."},{"max":101,"hex":"#5E7BB0","label":"BLUE","desc":"springy, resilient — bends under load and returns to true."}],"hint":"drag to temper the blade — this is the only paragraph you have to read","ctas":[{"label":"Break a maker''s afternoon →","href":"#engine"},{"label":"See one tempered year","href":"#proof"}]}'::jsonb);
insert into blocks (site_slug, section, kind, position, data) values ('temper', 'premise', 'premise', 2, '{"lead":"Hardness is not the goal. A blade at maximum hardness <b>shatters</b> on first contact.","small":"More hours, zero slack, willpower as the only tool — that''s a brittle edge, and the calendar always swings back. We call the crack <b>burnout</b> and pretend it was bad luck. TEMPER aims for the working edge instead: focus that holds <b>and</b> flexes."}'::jsonb);
insert into blocks (site_slug, section, kind, position, data) values ('temper', 'layers', 'tiles', 3, '{"tag":"three layers · tap to open · same shape as FORGE","tiles":[{"nm":"/KNOWLEDGE","pr":"the science, hammered flat","bullets":[{"b":"Attention residue","text":" — switch tasks and part of your mind stays snagged on the last one."},{"b":"The refocus tax","text":" — a \"quick question\" bills the whole climb back to depth, not its own two minutes."},{"b":"Chronotype is biology","text":" — put the hard thing at your peak; stop apologizing for the trough."}]},{"nm":"/PROTOCOL","pr":"the system, runnable","bullets":[{"b":"The interruption budget","text":" — N a day, like a spend limit. Everything else waits for a window."},{"b":"The defensible block","text":" — one walled deep-work window at your peak. One screen, phone in another room."},{"b":"The shutdown ritual","text":" — a hard close so attention recovers. The tempering cool that sets the edge."}]},{"nm":"/GAME","pr":"the consequences, simulated","bullets":[{"b":"The temper gauge","text":" — rises with depth, falls with fragmentation. Straw to blue, scored daily."},{"b":"The Interruption Tax","text":" — every context-switch deducts real minutes and bends your output curve."},{"b":"Streaks with teeth","text":" — not a flame emoji for showing up; the output you bought, or lost."}]}]}'::jsonb);
insert into blocks (site_slug, section, kind, position, data) values ('temper', 'engine', 'interruption-tax', 4, '{"k":"the consequence engine · play it","sub":"A deep-work block isn''t worth its raw minutes — you only reach depth after a <b>ramp</b>. An interruption doesn''t cost five minutes; it <b>severs the block and forces a fresh climb</b>. Four \"quick syncs\" cost the afternoon. Tap the track.","labStart":"1:00 PM","labMid":"A MAKER''S AFTERNOON · 5 HOURS","labEnd":"6:00 PM","hint":"tap anywhere to drop a \"quick interruption\"","addLabel":"+ Add a \"quick sync\"","resetLabel":"Reset the day","total":300,"ramp":23,"deepLabel":"DEEP-WORK EQUIVALENT","fragLabel":"FRAGMENTS","taxLabel":"TAX PAID TODAY","verdicts":[[0.92,"one clean block. this is the entire game — protect it."],[0.72,"still a real afternoon. one break is survivable; the edge holds."],[0.5,"the ramps are eating you. each return costs more than the interruption did."],[0.28,"fragments, not focus. you were available all day and built almost nothing."],[-1,"you attended a day of meetings and called it deep work. the museum of busy is open."]]}'::jsonb);
insert into blocks (site_slug, section, kind, position, data) values ('temper', 'cz', 'customer-zero', 5, '{"eyebrow":"customer zero · the receipts","h2":"This OS managed one stubborn engineer <em>before it asked for you.</em>","who":"SAME PERSON · EIGHT WEEKS APART · REAL RESTRUCTURES, NOT A MOCKUP","week0Label":"Week 0","week8Label":"Week 8","hours":["6a","9a","12p","3p","6p","9p","12a","2a"],"week0":[{"s":360,"e":540,"cls":"b-frag","label":"slow start"},{"s":540,"e":780,"cls":"b-frag","label":"reactive inbox"},{"s":780,"e":1080,"cls":"b-frag","label":"scattered work"},{"s":1080,"e":1200,"cls":"b-frag","label":"more reacting"},{"s":1200,"e":1260,"cls":"b-leisure","label":"friend chat"},{"s":1260,"e":1410,"cls":"b-leisure","label":"Call of Duty"},{"s":1410,"e":1560,"cls":"b-sync","label":"US sync — drifting to 2am"}],"week8":[{"s":360,"e":480,"cls":"b-recover","label":"wake · mobility"},{"s":480,"e":540,"cls":"b-train","label":"HIIT"},{"s":570,"e":660,"cls":"b-deep","label":"deep block"},{"s":660,"e":720,"cls":"b-train","label":"Muay Thai"},{"s":720,"e":840,"cls":"b-family","label":"lunch"},{"s":840,"e":1050,"cls":"b-deep","label":"deep block"},{"s":1080,"e":1140,"cls":"b-train","label":"strength"},{"s":1170,"e":1260,"cls":"b-family","label":"dinner · walk"},{"s":1260,"e":1410,"cls":"b-sync boxed","label":"US sync — boxed"},{"s":1410,"e":1560,"cls":"b-recover","label":"11:30 · sleep"}],"cap0":"<b>2:00am bedtimes.</b> Weeknight gaming, a sprawling US sync, and a day made of reactions. The edge never sets because the cool never comes.","cap8":"<b>11:30pm, lights out.</b> Two protected deep blocks at peak, training walled off, the sync boxed to 2.5 hours. Same person — re-architected, not white-knuckled.","moved":[["BEDTIME","2:00 AM","11:30 PM"],["NIGHTLY SLEEP","~5 hrs","~7.5 hrs"],["WEEKNIGHT GAMING","every night","weekends only"],["EVENING SYNC","open-ended","boxed · 2.5 hrs"],["PROTECTED DEEP BLOCKS","0 / day","2 / day"]],"shippedK":"and the output · the part you can actually click","shippedH":"One tempered year shipped this.","output":[{"u":"antyodaya.","h4":"A novel, Part I live","p":"A near-future political thriller with an interactive reader. Written in the protected evenings.","href":"https://antyodaya.zephyrcode.live"},{"u":"operator. + arcade.","h4":"A studio, five simulators","p":"Personal Operating Systems with consequence engines. FORGE is OS 01; you''re reading OS 02.","href":"https://operator.zephyrcode.live"},{"u":"read. watch. listen.","h4":"A whole library, indexed","p":"Books, screen and sound — sorted by state of mind, scored, and built by hand.","href":"https://read.zephyrcode.live"}],"punch":"You''re not reading a pitch. You''re standing <b>inside the output.</b>"}'::jsonb);
insert into blocks (site_slug, section, kind, position, data) values ('temper', 'build', 'build', 6, '{"eyebrow":"the build plan","h2":"How it ships — <em>and how it''s allowed to fail.</em>","split":[{"k":"The split","b":"You build TEMPER.","p":"Product, protocol, engine — the maker''s seat, full attention on OS 02."},{"k":"The other bag","b":"The cofounder carries FORGE.","p":"Distribution as an owner, measured on real numbers. Nobody quietly only building."}],"steps":[{"n":"STEP 01","b":"Build the wedge, not the OS.","p":"The <b>Interruption Tax</b> already lives in the Arcade — a free, playable argument. Ship the wedge; let demand pull the OS into existence."},{"n":"STEP 02","b":"Ship the minimum honest OS.","p":"Knowledge distilled, protocol tuned to one chronotype, engine live. One real cohort, one real price."},{"n":"STEP 03","b":"Tune on the cohort, then widen.","p":"Fit the protocol to the people running it — the way FORGE tuned on its own biology first."}],"kill":"KILL CRITERIA — a real paying-customer threshold by a real date, published either way. An attention OS that can''t hold its own deadline has refuted its central claim. We don''t get to exempt ourselves from the engine. Consequence engines that exempt their maker are called marketing.","ctas":[{"label":"Request the TEMPER pilot →","href":"mailto:hello@zephyrcode.live?subject=TEMPER%20pilot"},{"label":"Play the Interruption Tax","href":"https://arcade.zephyrcode.live"}]}'::jsonb);
insert into sites (slug, host, title, description, accent, og_image, nav_order) values ('arcade', 'arcade.zephyrcode.live', 'THE ARCADE — playable arguments · ZephyrCode', 'Five simulators you play with your hands and lose to with your habits. Insert intention.', '#E85D2A', null, 5) on conflict (slug) do update set host=excluded.host, title=excluded.title, description=excluded.description, accent=excluded.accent, og_image=excluded.og_image, nav_order=excluded.nav_order;
delete from blocks where site_slug = 'arcade';
insert into blocks (site_slug, section, kind, position, data) values ('arcade', 'crumb', 'kv', 0, '{"text":"THE ARCADE · PLAYABLE ARGUMENTS"}'::jsonb);
insert into blocks (site_slug, section, kind, position, data) values ('arcade', 'marquee', 'hero', 1, '{"ey":"arcade.zephyrcode.live","h1":"THE ARCADE","sub":"PLAYABLE ARGUMENTS · <b>INSERT INTENTION</b>"}'::jsonb);
insert into blocks (site_slug, section, kind, position, data) values ('arcade', 'lede', 'lede', 2, '{"html":"Five machines, five interaction grammars, zero loot boxes. Each one makes a claim about how your life actually works — then hands you the controls and lets you <b>lose to your own habits</b> in a safe, well-lit room. Cheaper than the real-world version. Significantly faster feedback."}'::jsonb);
insert into blocks (site_slug, section, kind, position, data) values ('arcade', 'play', 'kv', 3, '{"label":"PLAY →","hrefs":{"leap":"/m/leap","bedtime":"/m/bedtime","plate":"/m/plate","cascade":"/m/cascade","tax":"/m/tax","rupee":"/m/rupee"}}'::jsonb);
insert into blocks (site_slug, section, kind, position, data) values ('arcade', 'scores', 'kv', 4, '{"k":"TODAY''S HIGH SCORES","rows":[["PEOPLE WHO BEAT THE GLUCOSE CURVE","3"],["PEOPLE WHO QUIT IN MONTH ONE (SIMULATED)","412"],["PEOPLE WHO QUIT IN MONTH ONE (REAL)","0 — THAT''S THE POINT"],["MEETINGS DECLINED AFTER PLAYING THE TAX","COUNTING"]]}'::jsonb);
insert into blocks (site_slug, section, kind, position, data) values ('arcade', 'capture', 'kv', 5, '{"k":"ONE NEW MACHINE A MONTH.","sub":"No essays, just the cartridge.","placeholder":"your@address","button":"SUBSCRIBE","ok":"Noted. One cartridge a month.","err":"Didn''t take. Try again."}'::jsonb);
insert into blocks (site_slug, section, kind, position, data) values ('arcade', 'studio', 'kv', 6, '{"k":"COMMISSION A MACHINE","body":"I build the playable version of your course/book''s core idea. White-label, your domain, two-week turnaround.","cta":{"label":"operator.zephyrcode.live/commission →","href":"https://operator.zephyrcode.live/commission"}}'::jsonb);
delete from sims;
insert into sims (slug, name, grammar, blurb, position) values ('leap', 'THE LEAP', 'GRAMMAR · DRAG THE FUTURE', 'Drag the month you quit your job. Watch the valley floor rise — or not — to meet you.', 1);
insert into sims (slug, name, grammar, blurb, position) values ('bedtime', 'BEDTIME', 'GRAMMAR · SWIPE & SUFFER', 'A dilemma deck with four meters that remember exactly what you chose at 9:47pm.', 2);
insert into sims (slug, name, grammar, blurb, position) values ('plate', 'THE PLATE', 'GRAMMAR · DIRECT MANIPULATION', 'Build the meal with your hands; the glucose curve answers in real time. The curve is honest. Brutally.', 3);
insert into sims (slug, name, grammar, blurb, position) values ('cascade', 'CASCADE', 'GRAMMAR · AGENTS, RELEASED', 'How ideas actually spread — simple contagion versus the complex kind that needs three friends and a nudge.', 4);
insert into sims (slug, name, grammar, blurb, position) values ('tax', 'THE INTERRUPTION TAX', 'GRAMMAR · THE LEDGER', 'What one "quick meeting" really costs a maker''s afternoon. Bring a strong stomach.', 5);
insert into sims (slug, name, grammar, blurb, position) values ('rupee', 'EVERY RUPEE A JOB', 'GRAMMAR · THE ASSIGNMENT', 'Pile up everything you own; line up everything you want. The machine assigns each asset its job — and names the salary you''re missing.', 6);
insert into sites (slug, host, title, description, accent, og_image, nav_order) values ('read', 'read.zephyrcode.live', 'READ — the shelf with a temperature · ZephyrCode', 'Fourteen books on a single heat gradient — from Dinkar''s war drums to the dissolving quiet of The Book of Mirdad. Pick by the day you''re having, not the canon you''re told.', '#E85D2A', null, 6) on conflict (slug) do update set host=excluded.host, title=excluded.title, description=excluded.description, accent=excluded.accent, og_image=excluded.og_image, nav_order=excluded.nav_order;
delete from blocks where site_slug = 'read';
insert into blocks (site_slug, section, kind, position, data) values ('read', 'top', 'crumb', 1, '{"text":"READ · FIRE → STILLNESS"}'::jsonb);
insert into blocks (site_slug, section, kind, position, data) values ('read', 'hero', 'heading', 2, '{"eyebrow":"read.zephyrcode.live","h1Html":"The shelf with <em>a temperature.</em>","ledeHtml":"Fourteen books on one axis — <b>fire to stillness</b>, Dinkar''s war drums to the dissolving quiet of Mirdad. Genre is a librarian''s problem. The only real question is what the day is asking for. Set the dial; the shelf answers."}'::jsonb);
insert into blocks (site_slug, section, kind, position, data) values ('read', 'dial', 'dial', 3, '{"fire":"FIRE — pre-training, pre-war, pre-deadline","still":"STILL — after, and above","ariaLabel":"Mood: fire to stillness","askLines":[[0,"the day wants drums. the shelf agrees."],[25,"voltage with a spine. musashi is watching your posture."],[45,"the bridge: burn, but without smoke."],[65,"the emperor and the poet pour you something."],[82,"breathe out. the arguments are dissolving."],[101,""]]}'::jsonb);
insert into blocks (site_slug, section, kind, position, data) values ('read', 'start', 'picks', 4, '{"k":"START THIS WEEK · THE FOUR-BOOK IGNITION","picks":[["Rashmirathi","THE CENTER OF GRAVITY"],["The Book of Five Rings","THE TRAINING PARTNER"],["Bhagavad Gita","THE HINGE"],["Siddhartha","THE EXHALE"]],"tail":"Read the fire standing up and the stillness sitting down. There is no third posture; that''s the whole curriculum."}'::jsonb);
delete from books;
insert into books (position, title, author, pos, register, lang, note) values (1, 'Haldighati', 'Shyam Narayan Pandey', 0.02, 'FIRE', 'HINDI', 'Hooves, steel, and a horse that out-acts most protagonists. Pure veer rasa, zero apologies.');
insert into books (position, title, author, pos, register, lang, note) values (2, 'Rashmirathi', 'Ramdhari Singh Dinkar', 0.07, 'FIRE', 'HINDI', 'Karna''s answer to the accident of birth, delivered at sword-length. Krishna''s warning canto alone is worth the shelf. Start here.');
insert into books (position, title, author, pos, register, lang, note) values (3, 'Parashuram ki Prateeksha', 'Dinkar', 0.12, 'FIRE', 'HINDI', 'A nation scolded awake after 1962. Reads like a slap that loves you.');
insert into books (position, title, author, pos, register, lang, note) values (4, 'Ram ki Shakti Puja', 'Suryakant Tripathi ''Nirala''', 0.18, 'FIRE', 'HINDI', 'Even gods rehearse. Ram confronting his own weakness on the eve of war — dense, towering, worth the climb.');
insert into books (position, title, author, pos, register, lang, note) values (5, 'Hunkar', 'Dinkar', 0.22, 'FIRE', 'HINDI', 'The warm-up drum. Short blasts of voltage for mornings that start heavy.');
insert into books (position, title, author, pos, register, lang, note) values (6, 'The Book of Five Rings', 'Musashi · tr. Cleary', 0.28, 'FIRE', 'EN', 'Sixty duels undefeated, and his deepest advice is about attention. Talks straight to the gloves. Reread yearly.');
insert into books (position, title, author, pos, register, lang, note) values (7, 'Thus Spoke Zarathustra', 'Friedrich Nietzsche', 0.34, 'FIRE', 'EN · HARD', 'Osho''s number one. Prose-poetry that bites if grabbed — read in passages, like lifting, never to failure.');
insert into books (position, title, author, pos, register, lang, note) values (8, 'Kurukshetra', 'Dinkar', 0.45, 'BRIDGE', 'HINDI', 'Violence cross-examined on a bed of arrows. Where the fire poems start asking questions.');
insert into books (position, title, author, pos, register, lang, note) values (9, 'Bhagavad Gita', 'tr. Eknath Easwaran', 0.52, 'BRIDGE', 'EN', 'A warrior talked back into the fight and taught to burn without smoke. If you read one book off this shelf, this.');
insert into books (position, title, author, pos, register, lang, note) values (10, 'Meditations', 'Marcus Aurelius', 0.62, 'BRIDGE', 'EN', 'An emperor''s private notes on not becoming the thing he ruled. Written for an audience of one; somehow about you.');
insert into books (position, title, author, pos, register, lang, note) values (11, 'Madhushala', 'Harivansh Rai Bachchan', 0.68, 'BRIDGE', 'HINDI', 'Intoxication as theology. Sip, don''t gulp — every quatrain is a full pour.');
insert into books (position, title, author, pos, register, lang, note) values (12, 'Siddhartha', 'Hermann Hesse', 0.78, 'STILL', 'EN · EASY', 'Enlightenment by way of everything the monks renounce. The warm door into the quiet wing.');
insert into books (position, title, author, pos, register, lang, note) values (13, 'Enlightenment: The Only Revolution', 'Osho on Ashtavakra', 0.86, 'STILL', 'EN', 'The hammer that whispers: you are already free — stop applying. One discourse at a time, preferably horizontal.');
insert into books (position, title, author, pos, register, lang, note) values (14, 'The Book of Mirdad', 'Mikhail Naimy', 0.95, 'STILL', 'EN · SHORT', 'The quiet book that ends arguments by dissolving the arguer. Why Osho is Osho.');
insert into sites (slug, host, title, description, accent, og_image, nav_order) values ('watch', 'watch.zephyrcode.live', 'WATCH — eight mood channels · ZephyrCode', 'Series and films sorted by state of mind, not genre — from Brain on Fire to Decompress. Scored against one viewer''s taste profile, ranked without mercy.', '#C9A45C', null, 7) on conflict (slug) do update set host=excluded.host, title=excluded.title, description=excluded.description, accent=excluded.accent, og_image=excluded.og_image, nav_order=excluded.nav_order;
delete from blocks where site_slug = 'watch';
insert into blocks (site_slug, section, kind, position, data) values ('watch', 'hero', 'hero', 1, '{"eyebrow":"watch.zephyrcode.live","h1":"Eight channels. <em>Zero browsing.</em>","lede":"Streaming menus answer \"what exists.\" This answers <b>\"what is tonight for?\"</b> Every title is scored against one viewer''s taste profile — cerebral mystery, hard SF with a pulse, crime with a conscience — and ranked without mercy. <b>Dark</b> is the north star. It was always going to be."}'::jsonb);
insert into blocks (site_slug, section, kind, position, data) values ('watch', 'np', 'kv', 2, '{"tunedPrefix":"NOW TUNED · CH","footnote":"MATCH % = FIT TO THE HOUSE TASTE PROFILE, NOT QUALITY. QUALITY IS ASSUMED; WE DON''T SHELVE FILLER.","aria":"Mood channels"}'::jsonb);
insert into blocks (site_slug, section, kind, position, data) values ('watch', 'crumb', 'label', 3, '{"text":"WATCH · EIGHT MOOD CHANNELS"}'::jsonb);
delete from watch_titles;
delete from watch_channels;
with ch as (insert into watch_channels (n, name, tagline, position) values ('01', 'Brain on Fire', 'for when the day didn''t use all of you', 1) returning id)
insert into watch_titles (channel_id, title, match, platform, why, position) select ch.id, t.* from ch, (values ('Dark', 99::int, 'NETFLIX', 'Three generations, one cave, zero wasted scenes. The reference standard — watched five times in this house, still undefeated.', 1::int), ('Bodies', 94::int, 'NETFLIX', 'One corpse, four detectives, four timelines. A loop that actually closes.', 2::int), ('3 Body Problem', 92::int, 'NETFLIX', 'Physics breaks first; people follow. Read the trilogy and feel superior, gently.', 3::int)) as t(title, match, platform, why, position);
with ch as (insert into watch_channels (n, name, tagline, position) values ('02', 'Pure Puzzle', 'fair clues, no hand-holding', 2) returning id)
insert into watch_titles (channel_id, title, match, platform, why, position) select ch.id, t.* from ch, (values ('Dept. Q', 93::int, 'NETFLIX', 'Cold cases, colder detective. Procedural craft with actual procedure.', 1::int), ('Dark Matter', 90::int, 'ATV+', 'One choice, infinite Jasons. Crouch''s box, opened properly.', 2::int), ('Sherlock', 87::int, 'NETFLIX', 'The deduction-as-spectacle blueprint. Seasons one and two, then leave the table.', 3::int)) as t(title, match, platform, why, position);
with ch as (insert into watch_channels (n, name, tagline, position) values ('03', 'Adrenaline', 'gloves on, brain still invited', 3) returning id)
insert into watch_titles (channel_id, title, match, platform, why, position) select ch.id, t.* from ch, (values ('My Name', 91::int, 'NETFLIX', 'Revenge with footwork. The fight choreography respects your training eye.', 1::int), ('The Night Comes for Us', 88::int, 'NETFLIX', 'Indonesian action at maximum honesty. Stretch first.', 2::int), ('Extraction', 84::int, 'NETFLIX', 'One-take logistics. Cardio for the camera operator.', 3::int)) as t(title, match, platform, why, position);
with ch as (insert into watch_channels (n, name, tagline, position) values ('04', 'Shadow Games', 'spies, leaks, long knives', 4) returning id)
insert into watch_titles (channel_id, title, match, platform, why, position) select ch.id, t.* from ch, (values ('The Family Man', 95::int, 'PRIME', 'Middle management versus national security. The most honest job description on television.', 1::int), ('Slow Horses', 93::int, 'ATV+', 'Failed spies, magnificent spite. Lamb is a one-man counterargument to LinkedIn.', 2::int), ('The Night Manager', 87::int, 'JIO', 'Le Carré with better hotels. Treachery, beautifully lit.', 3::int)) as t(title, match, platform, why, position);
with ch as (insert into watch_channels (n, name, tagline, position) values ('05', 'Statecraft', 'power, watched closely', 5) returning id)
insert into watch_titles (channel_id, title, match, platform, why, position) select ch.id, t.* from ch, (values ('Scam 1992', 94::int, 'SONY', 'A market, a man, a margin call on an entire system. Rewatch material for systems thinkers.', 1::int), ('The Diplomat', 88::int, 'NETFLIX', 'Crisis management as bloodsport. Dialogue with elbows.', 2::int), ('House of Cards', 85::int, 'NETFLIX', 'The machinery of ambition, fourth wall optional. Early seasons, then exit clean.', 3::int)) as t(title, match, platform, why, position);
with ch as (insert into watch_channels (n, name, tagline, position) values ('06', 'Slow Descent', 'beautiful unravelings', 6) returning id)
insert into watch_titles (channel_id, title, match, platform, why, position) select ch.id, t.* from ch, (values ('Severance', 96::int, 'ATV+', 'Work-life balance, surgically enforced. The most elegant horror premise of the decade.', 1::int), ('Mr. Robot', 93::int, 'PRIME', 'An unreliable narrator with root access. Society gets debugged; so does he.', 2::int), ('The OA', 90::int, 'NETFLIX', 'Faith, movement, and a swing for the fences that connects. Yes, even the ending.', 3::int)) as t(title, match, platform, why, position);
with ch as (insert into watch_channels (n, name, tagline, position) values ('07', 'Prestige & Page', 'novels that learned to act', 7) returning id)
insert into watch_titles (channel_id, title, match, platform, why, position) select ch.id, t.* from ch, (values ('Shōgun', 96::int, 'JIO', 'Power as language lesson. Every silence is load-bearing.', 1::int), ('Pachinko', 95::int, 'ATV+', 'Four generations carried across water. Television that earns the word literature.', 2::int), ('The Queen''s Gambit', 91::int, 'NETFLIX', 'Genius as addiction with better lighting. The ceiling scene alone.', 3::int)) as t(title, match, platform, why, position);
with ch as (insert into watch_channels (n, name, tagline, position) values ('08', 'Decompress', 'low stakes, high craft', 8) returning id)
insert into watch_titles (channel_id, title, match, platform, why, position) select ch.id, t.* from ch, (values ('Our Planet', 86::int, 'NETFLIX', 'Attenborough administers perspective. The only feed worth doomscrolling.', 1::int), ('Chef''s Table', 84::int, 'NETFLIX', 'Obsession, plated. Watch a master descend, compress, animate, ship — sound familiar?', 2::int), ('Ted Lasso', 88::int, 'ATV+', 'Sincerity played as a power move. Recovery content for cynics.', 3::int)) as t(title, match, platform, why, position);
insert into sites (slug, host, title, description, accent, og_image, nav_order) values ('listen', 'listen.zephyrcode.live', 'LISTEN — the listening room · ZephyrCode', 'Five things a rig must prove — weight, stage, breath, detail, dynamics — and the tracks that interrogate each one. Reference chain: HD 660S2 into a FiiO K11 R2R, balanced, high gain.', '#E85D2A', null, 8) on conflict (slug) do update set host=excluded.host, title=excluded.title, description=excluded.description, accent=excluded.accent, og_image=excluded.og_image, nav_order=excluded.nav_order;
delete from blocks where site_slug = 'listen';
insert into blocks (site_slug, section, kind, position, data) values ('listen', 'hero', 'hero', 1, '{"eyebrow":"listen.zephyrcode.live","h1":"Five things a rig <em>must prove.</em>","lede":"Specifications are testimony; <b>music is cross-examination.</b> Below: the five proofs every chain in this house has to pass, the tracks that interrogate each one, and the scope showing what you should be hearing. No burn-in ritual required — <b>your ears do the burning-in.</b>"}'::jsonb);
insert into blocks (site_slug, section, kind, position, data) values ('listen', 'scope', 'kv', 2, '{"labPrefix":"PROOF ","hzLine":"REFERENCE TRACE · NOT TO SCALE · OBVIOUSLY","aria":"The five proofs"}'::jsonb);
insert into blocks (site_slug, section, kind, position, data) values ('listen', 'ignition', 'kv', 3, '{"k":"BONUS PROOF · IGNITION","t":"DIVINE · Seedhe Maut · gym volume","s":"THE IEM DEPARTMENT (ZERO:RED) HANDLES GLOVES-ON HOURS. THE HEADPHONES STAY HOME AND JUDGE."}'::jsonb);
insert into blocks (site_slug, section, kind, position, data) values ('listen', 'rig', 'kv', 4, '{"k":"THE RIG OF RECORD","chain":["SOURCE · LOSSLESS","FiiO K11 R2R","4.4mm BALANCED","SENNHEISER HD 660S2","STERNUM"],"note":"High gain, volume at \"respectful.\" R2R because numbers should pass through a ladder of actual resistors before becoming feelings. The truth-teller screen reads 44.1 when the stream behaves, and you check it the way other people check the weather. <b>Mobile detachment:</b> ZERO:RED IEMs off a ddHiFi dongle — the away kit for a rig that took the home game seriously."}'::jsonb);
insert into blocks (site_slug, section, kind, position, data) values ('listen', 'crumb', 'label', 5, '{"text":"LISTEN · THE LISTENING ROOM"}'::jsonb);
delete from listen_tracks;
delete from listen_proofs;
with pf as (insert into listen_proofs (n, name, claim, voices, position) values ('01', 'WEIGHT', 'Bass you feel in the sternum, not the eardrum. If the room doesn''t get heavier, return the cable.', '[{"c":"#E85D2A","w":2.5,"f":1.6,"a":52,"sp":0.9,"sub":0.5}]'::jsonb, 1) returning id)
insert into listen_tracks (proof_id, title, artist, why, position) select pf.id, t.* from pf, (values ('Why So Serious?', 'Hans Zimmer', 'The famous low-end descent — a structural inspection for your floor, your seal, your resolve.', 1::int), ('Angel', 'Massive Attack', 'A bassline with a predator''s patience. Texture down where most rigs only rumble.', 2::int)) as t(title, artist, why, position);
with pf as (insert into listen_proofs (n, name, claim, voices, position) values ('02', 'STAGE', 'Close your eyes; the band should have coordinates. Width is easy — depth is the tell.', '[{"c":"#E85D2A","w":2,"f":2.4,"a":34,"sp":1.1,"ph":0,"off":-22},{"c":"#C9A45C","w":2,"f":2.4,"a":34,"sp":1.1,"ph":2.1,"off":22}]'::jsonb, 2) returning id)
insert into listen_tracks (proof_id, title, artist, why, position) select pf.id, t.* from pf, (values ('Bubbles', 'Yosi Horikawa', 'Field recordings that place each droplet at an address. Imaging''s party trick, performed straight-faced.', 1::int), ('Time', 'Hans Zimmer', 'One phrase, twelve entrances. Count the layers arriving; lose count on purpose.', 2::int)) as t(title, artist, why, position);
with pf as (insert into listen_proofs (n, name, claim, voices, position) values ('03', 'BREATH', 'The air between notes — decay, room, the intake before the line. Intimacy is a resolution problem.', '[{"c":"#C9A45C","w":2,"f":3.2,"a":22,"sp":0.7,"noise":9}]'::jsonb, 3) returning id)
insert into listen_tracks (proof_id, title, artist, why, position) select pf.id, t.* from pf, (values ('Apocalypse', 'Cigarettes After Sex', 'Reverb tails you could sleep in. The vocal sits close enough to be a confession.', 1::int), ('Riverside', 'Agnes Obel', 'Felt on hammers, floorboards under pedals. You can hear the room thinking.', 2::int)) as t(title, artist, why, position);
with pf as (insert into listen_proofs (n, name, claim, voices, position) values ('04', 'DETAIL', 'What survives at low volume is the truth of a chain. Texture at the edge of silence.', '[{"c":"#E85D2A","w":1.6,"f":2,"a":26,"sp":0.8,"ripF":22,"ripA":7}]'::jsonb, 4) returning id)
insert into listen_tracks (proof_id, title, artist, why, position) select pf.id, t.* from pf, (values ('Hand Covers Bruise', 'Trent Reznor & Atticus Ross', 'A piano decaying over a noise floor that slowly tells the truth about your DAC.', 1::int), ('Says', 'Nils Frahm', 'One arpeggio, ten patient minutes, the swell of the decade. Detail becomes weather.', 2::int)) as t(title, artist, why, position);
with pf as (insert into listen_proofs (n, name, claim, voices, position) values ('05', 'DYNAMICS', 'The quiet must be honest so the loud can be violent. Warn the household; apologize to no one.', '[{"c":"#E85D2A","w":2.2,"f":5,"a":7,"sp":1.4,"burst":true}]'::jsonb, 5) returning id)
insert into listen_tracks (proof_id, title, artist, why, position) select pf.id, t.* from pf, (values ('No Time for Caution', 'Hans Zimmer', 'The docking scene. Organ at full sail. The dynamic swing other tracks gossip about.', 1::int), ('Mars, the Bringer of War', 'Gustav Holst', 'The orchestra as a weapons system — col legno strings like knuckles on wood.', 2::int)) as t(title, artist, why, position);
commit;
