-- generated by scripts/emit-seed-sql.mjs — do not edit by hand
begin;
insert into sites (slug, host, title, description, accent, og_image, nav_order) values ('home', 'zephyrcode.live', 'ZephyrCode — Stories with engines. Systems with souls.', 'ZephyrCode is a one-operator studio in Bengaluru. A novel with an interactive reader, Personal Operating Systems with consequence engines, and a library of taste indexed by mood. One method: descend, compress, animate, ship.', '#E85D2A', null, 0) on conflict (slug) do update set host=excluded.host, title=excluded.title, description=excluded.description, accent=excluded.accent, og_image=excluded.og_image, nav_order=excluded.nav_order;
delete from blocks where site_slug = 'home';
insert into blocks (site_slug, section, kind, position, data) values ('home', 'chrome', 'kv', 0, '{"ogDescription":"A one-operator studio. Fiction that watches you back, protocols that fight back, taste indexed by mood.","topCta":{"label":"Work with the studio","href":"#operator"},"rail":[{"href":"#signal","t":"00 SIGNAL"},{"href":"#method","t":"01 METHOD"},{"href":"#stories","t":"02 STORIES"},{"href":"#systems","t":"03 SYSTEMS"},{"href":"#library","t":"04 LIBRARY"},{"href":"#operator","t":"05 OPERATOR"}]}'::jsonb);
insert into blocks (site_slug, section, kind, position, data) values ('home', 'signal', 'hero', 0, '{"eyebrowHtml":"zephyrcode.live <span class=\"n\">— a one-operator studio · Bengaluru</span>","h1Html":"Stories with engines. <em>Systems with souls.</em>","ledeHtml":"One method, six rooms. <b>Descend</b> into the research. <b>Compress</b> it to what bears load. Build it so it <b>breathes</b>. A novel that watches you back, protocols that fight back, taste indexed by mood — and the background of this page is performing the method right now.","scrollcue":"SCROLL · 00 → 05"}'::jsonb);
insert into blocks (site_slug, section, kind, position, data) values ('home', 'method', 'section', 0, '{"eyebrowHtml":"<span class=\"n\">01 ·</span> The method","h2Html":"Everything here is built <em>the same way.</em>","sub":"Four moves, in order. They are the studio. The projects below are just the rooms they get performed in.","moves":[{"k":"MOVE 1","h3":"Descend","p":"Primary sources or nothing. Constitutional doctrine for a thriller. Nine blood panels for a training block. Frequency plots for a pair of headphones. The depth is non-negotiable; it''s where the interesting things live."},{"k":"MOVE 2","h3":"Compress","p":"Most research dies of obesity. Strip it to the load-bearing ideas — the sentence the whole artifact can stand on. If it can''t be compressed, it isn''t understood yet."},{"k":"MOVE 3","h3":"Animate","p":"A document tells you what it knows. An artifact asks what you''ll do about it. Everything ships interactive — dossiers, toggles, engines, consequence. Nothing is allowed to just sit there."},{"k":"MOVE 4","h3":"Ship","p":"Living things go outside. Each project gets its own address on this domain and keeps being maintained like software — because it is software, even the fiction."}],"lawsHtml":["<b>LAW 1</b> — NOTHING STATIC","<b>LAW 2</b> — CONSEQUENCE &gt; CHECKBOX","<b>LAW 3</b> — FIRE AND STILLNESS, BOTH"],"asideHtml":"( the particles behind this section just went from <span>weather</span> to <span>architecture</span>. that''s the job. )"}'::jsonb);
insert into blocks (site_slug, section, kind, position, data) values ('home', 'stories', 'section', 0, '{"eyebrowHtml":"<span class=\"n\">02 ·</span> Stories","h2Html":"Fiction, engineered to be <em>entered</em> — not just read.","feature":{"hindi":"अन्त्योदय — the rise of the last person","h3":"ANTYODAYA","tag":"A novel of near-future India · serialized · interactive","logId":"SETU/LOG · D+000 · SAMVIDHAN-ENCODED TRUST UTILITY","logText":"I am permitted to want nothing. That is why you can trust me.","blurbHtml":"A country hollowed by paper leaks, captured institutions and a muzzled press. A reclusive systems engineer builds <b>SETU</b> — a constitutional AI that inverts the surveillance model, watching the powerful <b>for</b> the powerless. He wins. The novel is about everything that winning costs. Read it like a case file: datelined chapters, X-ray dossiers that unlock as you go, and seven small machines embedded in the prose itself.","chips":[{"label":"Part I — Live","live":true},{"label":"Prologue + 11 chapters","live":false},{"label":"X-ray dossiers","live":false},{"label":"Dark / paper themes","live":false},{"label":"7 interactive scenes","live":false}],"ctas":[{"label":"Enter the reader →","href":"https://book-antyodaya.zephyrcode.live","style":"solid"},{"label":"Open the dossiers","href":"https://book-antyodaya.zephyrcode.live/dossiers","style":"ghost"}]},"shorts":{"k":"Shorts · from the same desk","h4":"The Purple Cow Lives in the Fridge","p":"A comedy about a four-year-old running the only honest operating system in the house — and the father reverse-engineering it before she patches him out.","link":{"label":"stories.zephyrcode.live →","href":"https://stories.zephyrcode.live"}}}'::jsonb);
insert into blocks (site_slug, section, kind, position, data) values ('home', 'systems', 'section', 0, '{"eyebrowHtml":"<span class=\"n\">03 ·</span> Systems","h2Html":"OPERATOR — <em>Personal Operating Systems.</em>","subHtml":"Not courses <b>(passive)</b>. Not templates <b>(dead tables)</b>. Not habit apps <b>(checkbox theatre)</b>. An OS carries the knowledge, runs the protocol, and — the part nobody else ships — <b>simulates the consequences of your adherence</b>, like a save-file you''re either leveling or corrupting.","proofHtml":"<b>ORIGIN: FORGE.</b> The founder''s own 26-week system — three sessions a day, tuned to his genetics, audited by bloodwork that moved. The first customer was his own biology. It paid in full.","osCards":[{"k":"OS 01 · The body","h3":"FORGE","pHtml":"The founder''s own 26-week system — three sessions a day, tuned to his genetics, audited by bloodwork that moved. The first customer was his own biology. It paid in full.","link":{"label":"The origin →","href":"https://operator.zephyrcode.live"},"live":false},{"k":"OS 02 · The mind","h3":"TEMPER","pHtml":"Attention is a blade — temper it or shatter it. The interruption tax a \"quick meeting\" really charges a maker, the day-clock that proves it, and customer-zero''s eight weeks of moved metrics.","link":{"label":"Enter TEMPER →","href":"https://temper.zephyrcode.live"},"live":true}],"toy":{"k":"The difference, in one toy — tap your week","dayLabels":["M","T","W","T","F","S","S"],"seriesParams":{"start":22,"hit":9,"miss":-13},"capHtml":"dotted = the trajectory you bought. <b>solid = the one you''re earning.</b> every OS ships with one of these, grown up."},"sims":[{"n":"THE LEAP","p":"Drag the month you quit your job; watch the valley floor rise to meet you."},{"n":"BEDTIME","p":"A dilemma deck with four meters that remember what you chose at 9:47pm."},{"n":"THE PLATE","p":"Build the meal with your hands; the glucose curve answers in real time."},{"n":"CASCADE","p":"How ideas actually spread — simple contagion vs. the complex kind that needs friends."},{"n":"THE INTERRUPTION TAX","p":"What one \"quick meeting\" really costs a maker''s afternoon. Bring a strong stomach."}],"ctas":[{"label":"Enter TEMPER →","href":"https://temper.zephyrcode.live","style":"solid"},{"label":"Visit the studio →","href":"https://operator.zephyrcode.live","style":"ghost"},{"label":"Play the arcade","href":"https://arcade.zephyrcode.live","style":"ghost"}]}'::jsonb);
insert into blocks (site_slug, section, kind, position, data) values ('home', 'library', 'section', 0, '{"eyebrowHtml":"<span class=\"n\">04 ·</span> The library","h2Html":"Taste is a system too — <em>indexed by state of mind,</em> not genre.","sub":"Three shelves. Each one answers the only question that matters at 9pm: what is the day asking for?","shelves":[{"cls":"read","h3":"Read","axis":"axis · fire → stillness","pHtml":"Fourteen books on a single heat gradient — from Dinkar''s war drums and Musashi''s blade to the Gita''s bridge and the dissolving quiet of <em>The Book of Mirdad</em>. Pick by the day you''re having, not the canon you''re told.","link":{"label":"read.zephyrcode.live →","href":"https://read.zephyrcode.live"}},{"cls":"watch","h3":"Watch","axis":"axis · eight mood channels","pHtml":"From <em>Brain on Fire</em> to <em>Decompress</em> — series and films scored against one viewer''s taste profile and ranked on a leaderboard, with platform availability for India. Dark is the north star. Obviously.","link":{"label":"watch.zephyrcode.live →","href":"https://watch.zephyrcode.live"}},{"cls":"listen","h3":"Listen","axis":"axis · what a rig must prove","pHtml":"Tracks chosen to demonstrate five things — weight, stage, breath, detail, dynamics. Tuned on an HD 660S2 run balanced through R2R glass; honest on whatever you own.","link":{"label":"listen.zephyrcode.live →","href":"https://listen.zephyrcode.live"}}]}'::jsonb);
insert into blocks (site_slug, section, kind, position, data) values ('home', 'operator', 'section', 0, '{"eyebrowHtml":"<span class=\"n\">05 ·</span> The operator","h2Html":"One person. <em>The discipline is the production schedule.</em>","blurbHtml":["ZephyrCode is run by one operator: <b>Priyanshu</b> — head of engineering at a health-tech startup by day, ten years across backend systems and applied AI (formerly Alexa AI), fighter by morning, father always, studio after the house sleeps.","The throughline isn''t a brand pose. It''s a wager: that <em>raudra</em> and stillness belong in the same person, that rigor makes art sharper and story makes systems humane — and that the proof should be public, interactive, and slightly fun to poke at."],"timetable":[{"h":"08:00","w":"ZONE 4 · HIIT"},{"h":"11:00","w":"MUAY THAI / BOXING"},{"h":"18:00","w":"IRON · PPL"},{"h":"21:30","w":"STUDIO · THIS"}],"client":{"k":"The studio also ships for clients","pHtml":"Backend systems, applied AI/NLP, and interactive product — engagements run through <b>ZephyCode FZ-LLC</b>, the company behind the domain. If your problem needs both an engineer and a storyteller, it''s a fit.","cta":{"label":"hello@zephyrcode.live","href":"mailto:hello@zephyrcode.live"}}}'::jsonb);
insert into blocks (site_slug, section, kind, position, data) values ('home', 'constel', 'footer', 0, '{"k":"The constellation — every project, its own address","map":[{"u":"zephyrcode.live","what":"you are here","href":"https://zephyrcode.live"},{"u":"antyodaya.","what":"the novel","href":"https://antyodaya.zephyrcode.live"},{"u":"stories.","what":"short fiction","href":"https://stories.zephyrcode.live"},{"u":"operator.","what":"personal OS studio","href":"https://operator.zephyrcode.live"},{"u":"arcade.","what":"playable simulators","href":"https://arcade.zephyrcode.live"},{"u":"read.","what":"fire → stillness","href":"https://read.zephyrcode.live"},{"u":"watch.","what":"eight moods","href":"https://watch.zephyrcode.live"},{"u":"listen.","what":"the listening room","href":"https://listen.zephyrcode.live"}],"legal":["© 2026 ZEPHYCODE FZ-LLC · ZEPHYRCODE.LIVE","BUILT BY HAND IN BENGALURU · NO TEMPLATE WAS HARMED"]}'::jsonb);
insert into blocks (site_slug, section, kind, position, data) values ('home', 'field', 'engine-params', 0, '{"grades":[[[0.91,0.365,0.165],[0.788,0.643,0.361],0],[[0.47,0.43,0.37],[0.91,0.365,0.165],0.85],[[1,0.47,0.22],[0.788,0.643,0.361],1],[[0.788,0.643,0.361],[0.89,0.85,0.78],0],[[0.91,0.365,0.165],[0.545,0.498,0.831],1],[[0.91,0.365,0.165],[1,0.478,0.24],0]]}'::jsonb);
insert into sites (slug, host, title, description, accent, og_image, nav_order) values ('antyodaya', 'antyodaya.zephyrcode.live', 'ANTYODAYA — a novel of near-future India · ZephyrCode', 'A country hollowed by leaks and capture. A constitutional AI that watches the powerful for the powerless. Read Part I like a case file — datelined chapters, X-ray dossiers, seven machines in the prose.', '#E85D2A', null, 1) on conflict (slug) do update set host=excluded.host, title=excluded.title, description=excluded.description, accent=excluded.accent, og_image=excluded.og_image, nav_order=excluded.nav_order;
delete from blocks where site_slug = 'antyodaya';
insert into blocks (site_slug, section, kind, position, data) values ('antyodaya', 'chrome', 'kv', 0, '{"crumb":"ANTYODAYA · A NOVEL"}'::jsonb);
insert into blocks (site_slug, section, kind, position, data) values ('antyodaya', 'hero', 'heading', 0, '{"eyebrow":"antyodaya.zephyrcode.live — serialized · interactive","hindi":"अन्त्योदय — the rise of the last person","h1":"ANTYODAYA","tag":"A novel of near-future India, read like a case file"}'::jsonb);
insert into blocks (site_slug, section, kind, position, data) values ('antyodaya', 'hero', 'log', 1, '{"id":"SETU/LOG · D+000 · SAMVIDHAN-ENCODED TRUST UTILITY","text":"I am permitted to want nothing. That is why you can trust me."}'::jsonb);
insert into blocks (site_slug, section, kind, position, data) values ('antyodaya', 'hero', 'lede', 2, '{"html":"A country hollowed by paper leaks, captured institutions and a press that learned to whisper. A reclusive systems engineer answers with <b>SETU</b> — a constitutional AI that inverts the surveillance state, watching the powerful <b>for</b> the powerless. He wins. The book is about the bill."}'::jsonb);
insert into blocks (site_slug, section, kind, position, data) values ('antyodaya', 'hero', 'ctas', 3, '{"ctas":[{"label":"Begin at D+000 →","href":"https://book-antyodaya.zephyrcode.live","style":"solid"},{"label":"Open the dossiers","href":"https://book-antyodaya.zephyrcode.live/dossiers","style":"ghost"}]}'::jsonb);
insert into blocks (site_slug, section, kind, position, data) values ('antyodaya', 'lamp', 'lines', 0, '{"idle":"a diya on a government notice board. someone lit it for the number.","watched":"it steadies when watched. most things do."}'::jsonb);
insert into blocks (site_slug, section, kind, position, data) values ('antyodaya', 'excerpt', 'prose', 0, '{"text":"The notice board had outlived four governments and one coat of paint. Tonight it carried a single sheet, and the sheet carried a number, and the number was the count of grain sacks that had actually arrived — not the count that had been signed for. Between those two figures lived everything Kabir intended to burn down. Someone had set a diya on the ledge beneath it, the way you light a lamp for a god or for a body. He stood in the queue''s leftover silence and understood, with the cold precision of a man reading his own blood report, that the lamp was for neither. It was for the number. The village had begun to worship the truth — carefully, the way you worship anything that can still be taken away.","src":"— FROM THE PROLOGUE · KARAHIYA DISTRICT · YEAR ONE"}'::jsonb);
insert into blocks (site_slug, section, kind, position, data) values ('antyodaya', 'dossiers', 'heading', 0, '{"eyebrow":"the x-ray","h2":"Dossiers unlock <em>as you earn them.</em>","sub":"Every reader gets the story. Readers who go deep get the files under the story — timelines, ledgers, the things characters know about each other and shouldn''t. Tiers open with reading progress. The novel keeps score; of course it does."}'::jsonb);
insert into blocks (site_slug, section, kind, position, data) values ('antyodaya', 'how', 'cards', 0, '{"cards":[{"k":"TWO LIGHTS","html":"<b>Dark</b> for night reading, <b>paper</b> for daylight. The prose doesn''t change. Your conscience might."},{"k":"SEVEN MACHINES","html":"Small interactive scenes live inside the chapters — a rupee you can follow, a letter you can almost send. <b>The prose watches back.</b>"},{"k":"THE GATE","html":"We ask for your email after chapter three. <b>By then you''ll know if we''ve earned it.</b> Until then, read free, owe nothing."}]}'::jsonb);
delete from chapters;
insert into chapters (code, dateline, title, sealed, position) values ('PROLOGUE · D−001', 'D−001', 'The Notice Board', false, 1);
insert into chapters (code, dateline, title, sealed, position) values ('CH 01 · D+000', 'D+000', 'The Last Clean Hour', false, 2);
insert into chapters (code, dateline, title, sealed, position) values ('CH 02 · D+003', 'D+003', 'The Civics Class', false, 3);
insert into chapters (code, dateline, title, sealed, position) values ('CH 03 · D+009', 'D+009', 'The Second Room', false, 4);
insert into chapters (code, dateline, title, sealed, position) values ('CH 04 · D+014', 'D+014', '', true, 5);
insert into chapters (code, dateline, title, sealed, position) values ('CH 05 · D+022', 'D+022', '', true, 6);
insert into chapters (code, dateline, title, sealed, position) values ('CH 06–11', null, 'unseals as you read', true, 7);
insert into chapters (code, dateline, title, sealed, position) values ('PART II', null, 'in the foundry', true, 8);
delete from dossiers;
insert into dossiers (role, name, blurb, tiers, position) values ('THE ENGINEER', 'KABIR', 'Believes India''s deepest poverty is of expectation. Builds a cage for power and then discovers whose hands fit the lock.', '[{"label":"TIER 1 · OPEN","open":true},{"label":"TIER 2 · CH 6","open":false}]'::jsonb, 1);
insert into dossiers (role, name, blurb, tiers, position) values ('THE WITNESS', 'FATIMA', 'A journalist who survived the muzzle years by writing obituaries. Funny the way only the unkillable are funny.', '[{"label":"TIER 1 · OPEN","open":true},{"label":"TIER 2 · CH 7","open":false}]'::jsonb, 2);
insert into dossiers (role, name, blurb, tiers, position) values ('THE INSTRUMENT', 'SETU', 'Bound by the Basic Structure doctrine. Wise precisely because it cannot want. The novel''s guru, and its loaded gun.', '[{"label":"TIER 1 · OPEN","open":true},{"label":"TIER 3 · PART II","open":false}]'::jsonb, 3);
insert into sites (slug, host, title, description, accent, og_image, nav_order) values ('stories', 'stories.zephyrcode.live', 'Stories — shorts from the same desk · ZephyrCode', 'Short fiction from the ZephyrCode desk. Domestic comedy, household operating systems, and one purple cow with strong opinions about the fridge.', '#8B7FD4', null, 2) on conflict (slug) do update set host=excluded.host, title=excluded.title, description=excluded.description, accent=excluded.accent, og_image=excluded.og_image, nav_order=excluded.nav_order;
delete from blocks where site_slug = 'stories';
insert into blocks (site_slug, section, kind, position, data) values ('stories', 'top', 'crumb', 1, '{"text":"STORIES · SHORT FICTION"}'::jsonb);
insert into blocks (site_slug, section, kind, position, data) values ('stories', 'hero', 'heading', 2, '{"eyebrow":"stories.zephyrcode.live","h1Html":"Shorts from the same desk — <em>where the systems go to confess.</em>","lede":"The novels get the constitutions and the consequence engines. The shorts get everything else: the four-year-olds, the fridges, the negotiations conducted entirely in pajamas. Same method, smaller blast radius."}'::jsonb);
insert into blocks (site_slug, section, kind, position, data) values ('stories', 'dishwasher', 'list', 3, '{"h3":"Still in the dishwasher","sub":"SHORTS CURRENTLY BEING RINSED · TITLES MAY SETTLE IN TRANSIT"}'::jsonb);
delete from story_shorts;
insert into story_shorts (title, status, featured, body, position) values ('The Purple Cow Lives in the Fridge', null, true, '{"accent":"#8B7FD4","dek":"Domestic comedy · one coffee","k":"FEATURED SHORT · DOMESTIC COMEDY · ONE COFFEE LONG","pullquote":"\"The cow is purple,\" she said, with the patience of someone explaining gravity to it.","paragraphs":["A father with ten years of systems engineering attempts to debug his four-year-old and discovers, somewhere between the milk negotiation and lights-out, that <b>she is the one running the only honest operating system in the house</b> — no roadmap, no metrics, intrinsic motivation still under factory warranty. He takes field notes. She takes the high ground. The fridge takes sides.","Funny on the surface, Osho underneath: children don''t download our lessons, they download our operating system. This is a story about reading your own source code because somebody small is compiling it daily."],"chips":["REGISTER · COMEDY, LOAD-BEARING","RUNTIME · ONE COFFEE","HAZARD · FEELINGS"],"exhibit":{"k":"EXHIBIT A · STATE OF THE FRIDGE","line":"MILK is a load-bearing word; remove it and the sentence collapses. The purple magnet was here when we arrived. Under no circumstances reboot the child."},"board":{"k":"EXHIBIT A · THE FRIDGE DOOR · EVIDENCE REARRANGES ITSELF","sentences":[["THE","PURPLE*","COW","LIVES","IN","THE","FRIDGE"],["MILK","IS","A","LOAD-BEARING*","WORD"],["KIDS","RUN","YOUR","OS*","NOT","YOUR","APPS"],["THE","MIRROR*","HAS","NO","SETTINGS","MENU"],["INVOICE*","HER","PAID","IN","BISCUIT"]],"notes":["the magnets were like this when we got here.","structural. ask any parent.","she downloads the operating system, not the apps.","it records the boxing and the bong alike.","best deal closed all year. paid pre-licked."],"button":"Rearrange the evidence"}}'::jsonb, 1);
insert into story_shorts (title, status, featured, body, position) values ('The Last Boring Sunday', null, false, '{"accent":"#6FA8A0","dek":"Sunday comedy · one kettle","k":"FEATURED SHORT · SUNDAY COMEDY · ONE KETTLE LONG","pullquote":"\"You don''t know how to be bored anymore,\" she said — in the tone she reserves for true things.","paragraphs":["A Head of Engineering who strip-mines every ninety-second gap is accused, one Sunday, of having forgotten how to be bored — and, being who he is, immediately <b>makes boredom a project</b>: three principles, one of them with a sub-bullet. Then his four-year-old commandeers the afternoon. The sofa becomes a boat, the dog becomes a confused dragon, and time goes soft and wide.","Funny on the surface, still underneath: a child doesn''t kill time, because time isn''t yet the enemy. He spends an afternoon producing nothing — no funnel, no verdict, no optimum — and comes home with the only thing he''s made all year that <b>isn''t for anything</b>: a dragon named Brian."],"chips":["REGISTER · SUNDAY COMEDY","RUNTIME · ONE KETTLE","HAZARD · LETTING GO"],"exhibit":{"k":"EXHIBIT C · MANIFEST, S.S. SOFA","line":"Cargo: two unmatched socks (tickets). Crew: one captain, one dragon (formerly dog; nice, but confused). Heading: the boat goes where the boat goes. Do not ask where the boat goes."},"board":{"k":"EXHIBIT C · THE SHIP''S LOG · CARGO REARRANGES ITSELF","sentences":[["THE","DRAGON''S*","NAME","IS","BRIAN"],["THE","SOFA","IS","A","BOAT*"],["TWO","SOCKS","ARE","THE","TICKETS*"],["DELETE*","THE","FRAMEWORK"],["ONE","VERY","BORING*","CROW"]],"notes":["nice, but confused.","do not ask where the boat goes.","they do not match. they do not need to.","moved to a folder called LATER instead.","the best crow I have ever seen."],"button":"Re-sail the manifest"}}'::jsonb, 2);
insert into story_shorts (title, status, featured, body, position) values ('The Negotiator Wears Pajamas', null, false, '{"accent":"#E0A263","dek":"Courtroom comedy · one bedtime","k":"FEATURED SHORT · COURTROOM COMEDY · ONE BEDTIME LONG","pullquote":"\"One more story,\" she says. It is never one more story.","paragraphs":["A father with a 9am negotiates bedtime against a four-year-old litigator who has reviewed the case law, knows her rights, and <b>has nowhere to be tomorrow</b>. He files for adjournment; she files for the water, the monster, the cosmos — every motion the same question in a different hat. Opposing counsel isn''t trying to win. She''s trying to extend. Those are different objectives, and hers is the easier one.","Funny on the surface, tender underneath: a stall is a vigil. The child isn''t keeping him up — she''s keeping him <b>here</b>, making sure the world will still be on the far side of the dark. The fastest way to lose bedtime, he learns, is to try to win it."],"chips":["REGISTER · COURTROOM COMEDY","RUNTIME · ONE BEDTIME","HAZARD · BILLABLE FEELINGS"],"exhibit":{"k":"EXHIBIT B · THE BEDSIDE DOCKET","line":"Motion for water — denied as moot (she won''t drink it; she wants the return). Motion re: the monster — no-monster jurisdiction, curtain personally reviewed. Motion to adjourn until dawn — granted, the author present."},"board":{"k":"EXHIBIT B · THE BEDSIDE DOCKET · MOTIONS REARRANGE THEMSELVES","sentences":[["ONE","MORE*","STORY","SHE","SAYS"],["A","STALL","IS","A","VIGIL*"],["A","NO-MONSTER*","JURISDICTION"],["SHE","ONLY","WANTED","THE","AUTHOR*"],["ADJOURNED*","UNTIL","DAWN"]],"notes":["it is never one more story.","she is keeping you here, not up.","curtain personally reviewed.","not the water. the author.","granted — the author present."],"button":"Re-file the motion"}}'::jsonb, 3);
insert into story_shorts (title, status, featured, body, position) values ('Firmware Update for Grandparents', 'OUTLINE · INTERGENERATIONAL PATCH NOTES', false, '{}'::jsonb, 4);
insert into sites (slug, host, title, description, accent, og_image, nav_order) values ('operator', 'operator.zephyrcode.live', 'OPERATOR — Personal Operating Systems · ZephyrCode', 'Install a life protocol the way you install software — except this one ships with consequences. Personal Operating Systems: knowledge, protocol, and a game layer that keeps score on reality.', '#E85D2A', null, 3) on conflict (slug) do update set host=excluded.host, title=excluded.title, description=excluded.description, accent=excluded.accent, og_image=excluded.og_image, nav_order=excluded.nav_order;
delete from blocks where site_slug = 'operator';
insert into blocks (site_slug, section, kind, position, data) values ('operator', 'crumb', 'kv', 0, '{"text":"OPERATOR · PERSONAL OS STUDIO"}'::jsonb);
insert into blocks (site_slug, section, kind, position, data) values ('operator', 'boot', 'lines', 1, '{"aria":"Boot sequence","lines":[["ZEPHYR/OS v1.0 — bootloader",""],["▸ mounting /protocols"," <span class=\"ok\">ok</span>"],["▸ loading consequence_engine"," <span class=\"ok\">ok</span>"],["▸ checking founder.vitals"," <span class=\"ok\">within spec</span>"],["▸ locating motivation"," <span class=\"warn\">not found — proceeding anyway (by design)</span>"],["READY.",""]]}'::jsonb);
insert into blocks (site_slug, section, kind, position, data) values ('operator', 'hero', 'hero', 2, '{"eyebrow":"operator.zephyrcode.live","h1":"Install a life protocol like software — <em>this one ships with consequences.</em>","lede":"Not courses <b>(passive)</b>. Not templates <b>(dead tables)</b>. Not habit apps <b>(checkbox theatre)</b>. A <b>Personal Operating System</b> carries the research, runs the protocol, and simulates what your adherence is actually buying you — like a save-file you''re either leveling or corrupting.","ctas":[{"label":"Request the pilot →","href":"mailto:hello@zephyrcode.live?subject=FORGE%20OS%20pilot"},{"label":"Play the demos first","href":"https://arcade.zephyrcode.live"}]}'::jsonb);
insert into blocks (site_slug, section, kind, position, data) values ('operator', 'layers', 'windows', 3, '{"windows":[{"bar":"LAYER 01 · /KNOWLEDGE","h3":"The research, compressed","p":"Mechanisms, dosages, doctrine, sources — <b>a hundred hours of homework distilled</b> until only the load-bearing sentences remain. You get the why, minus the wandering."},{"bar":"LAYER 02 · /PROTOCOL","h3":"The system, runnable","p":"Daily and weekly blocks tuned to <b>your</b> constraints — schedule, biology, equipment. Not advice. An executable."},{"bar":"LAYER 03 · /GAME","h3":"The consequences, simulated","p":"Progression, streaks, deltas — and a curve that <b>bends when you skip</b>. Habitica gamifies checkboxes. We gamify outcomes. Different species."}]}'::jsonb);
insert into blocks (site_slug, section, kind, position, data) values ('operator', 'engine', 'engine', 4, '{"k":"THE CONSEQUENCE ENGINE · A MONTH IN YOUR HANDS","sub":"Twenty-eight days. Tap to skip a few — everyone does. The dotted line is the trajectory you bought. The solid one is the trajectory you''re earning. The gap between them has a name, and the OS will say it to your face.","monthAria":"Toggle adherence for 28 days","verdicts":[[97,"pristine. suspiciously pristine."],[88,"strong. the curve believes you."],[75,"human. the curve is negotiating."],[60,"the gap now has a name. it''s yours."],[0,"the museum called. it wants its exhibit."]],"integrityLabel":"SAVE-FILE INTEGRITY · ","verdictLabel":"VERDICT · ","preloadedMisses":[6,13],"seriesParams":{"start":18,"hit":3.4,"miss":-5.2}}'::jsonb);
insert into blocks (site_slug, section, kind, position, data) values ('operator', 'flagships', 'cards', 5, '{"eyebrow":"flagships","h2":"Two OSes ship first. <em>One is already running.</em>","cards":[{"k":"OS 01 · THE BODY","h3":"FORGE","p":"The founder''s own 26-week system — three sessions a day, tuned to his genetics, audited by bloodwork that moved. The first customer was his own biology. It paid in full.","up":{"uptimePrefix":"UPTIME · DAY ","uptimeSuffix":" · IN PRODUCTION SINCE APR 2026","epoch":{"y":2026,"m":3,"d":1},"fallback":"UPTIME · IN PRODUCTION SINCE APR 2026"}},{"k":"OS 02 · THE MIND","h3":"TEMPER","p":"Attention as the edge that holds under load — interruption budgets, a maker-schedule kernel, and a consequence engine that bills every context-switch. For people whose calendar is the malware.","up":"STATUS · NOW BUILDING · temper.zephyrcode.live"}]}'::jsonb);
insert into blocks (site_slug, section, kind, position, data) values ('operator', 'roadmap', 'acts', 6, '{"eyebrow":"the roadmap","h2":"Three acts. <em>No epilogue without earning it.</em>","acts":[{"n":"ACT I","h3":"Ship the flagships","p":"FORGE and TEMPER as standalone, installable OSes. Real buyers, real adherence data, real curves bending."},{"n":"ACT II","h3":"Extract the runtime","p":"The engine beneath both — plus an AI interview layer that tunes any OS to the human installing it. The product becomes a platform, quietly."},{"n":"ACT III","h3":"Open the foundry","p":"A creator marketplace: experts bring the knowledge, the runtime brings the consequences. Their audience, our engine, everyone''s curve."}],"kill":"KILL CRITERIA — forty paying humans by the end of month four, or this page becomes a museum with excellent lighting. We publish the number either way. Consequence engines that exempt their maker are called marketing."}'::jsonb);
insert into blocks (site_slug, section, kind, position, data) values ('operator', 'commission', 'kv', 50, '{"ey":"COMMISSION A MACHINE","h1":"Your idea, playable.","body":"I turn your course/book''s core idea into a machine your audience can play. Founding rate $1,500, two weeks, white-label, first three clients only.","cta":{"label":"COMMISSION A MACHINE →","href":"mailto:hello@zephyrcode.live?subject=Commission%20a%20machine%20%E2%80%94%20%5Byour%20name%5D"},"proof":{"label":"SEE THE MACHINES FIRST →","href":"https://arcade.zephyrcode.live"}}'::jsonb);
insert into sites (slug, host, title, description, accent, og_image, nav_order) values ('temper', 'temper.zephyrcode.live', 'TEMPER — the mind OS · ZephyrCode', 'OS 02 from the ZephyrCode studio. An operating system for attention — the edge that holds under load. Temper the blade, break a maker''s afternoon, and watch one tempered year of output.', '#8B7FD4', null, 4) on conflict (slug) do update set host=excluded.host, title=excluded.title, description=excluded.description, accent=excluded.accent, og_image=excluded.og_image, nav_order=excluded.nav_order;
delete from blocks where site_slug = 'temper';
insert into blocks (site_slug, section, kind, position, data) values ('temper', 'crumb', 'crumb', 0, '{"text":"TEMPER · OS 02 · THE MIND"}'::jsonb);
insert into blocks (site_slug, section, kind, position, data) values ('temper', 'hero', 'hero', 1, '{"eyebrow":"operator.zephyrcode.live / temper — operating system 02","h1":"TEMPER","thesis":"Forge the body. Temper the mind.","stops":[{"h":0,"rgb":[125,129,134]},{"h":0.3,"rgb":[201,164,92]},{"h":0.5,"rgb":[181,101,29]},{"h":0.72,"rgb":[139,127,212]},{"h":0.9,"rgb":[94,123,176]},{"h":1,"rgb":[69,80,107]}],"grades":[{"max":8,"hex":"#7d8186","label":"COLD STEEL","desc":"a forged edge, not yet set. brittle until it''s tempered."},{"max":34,"hex":"#C9A45C","label":"STRAW","desc":"hardest, keenest — and one bad week from a chip. razors live here."},{"max":56,"hex":"#b5651d","label":"BRONZE","desc":"the working temper. sharp enough, durable enough. the honest default."},{"max":80,"hex":"#8B7FD4","label":"PURPLE","desc":"holds focus and still takes a hit. this is where TEMPER aims you."},{"max":101,"hex":"#5E7BB0","label":"BLUE","desc":"springy, resilient — bends under load and returns to true."}],"hint":"drag to temper the blade — this is the only paragraph you have to read","ctas":[{"label":"Break a maker''s afternoon →","href":"#engine"},{"label":"See one tempered year","href":"#proof"}]}'::jsonb);
insert into blocks (site_slug, section, kind, position, data) values ('temper', 'premise', 'premise', 2, '{"lead":"Hardness is not the goal. A blade at maximum hardness <b>shatters</b> on first contact.","small":"More hours, zero slack, willpower as the only tool — that''s a brittle edge, and the calendar always swings back. We call the crack <b>burnout</b> and pretend it was bad luck. TEMPER aims for the working edge instead: focus that holds <b>and</b> flexes."}'::jsonb);
insert into blocks (site_slug, section, kind, position, data) values ('temper', 'layers', 'tiles', 3, '{"tag":"three layers · tap to open · same shape as FORGE","tiles":[{"nm":"/KNOWLEDGE","pr":"the science, hammered flat","bullets":[{"b":"Attention residue","text":" — switch tasks and part of your mind stays snagged on the last one."},{"b":"The refocus tax","text":" — a \"quick question\" bills the whole climb back to depth, not its own two minutes."},{"b":"Chronotype is biology","text":" — put the hard thing at your peak; stop apologizing for the trough."}]},{"nm":"/PROTOCOL","pr":"the system, runnable","bullets":[{"b":"The interruption budget","text":" — N a day, like a spend limit. Everything else waits for a window."},{"b":"The defensible block","text":" — one walled deep-work window at your peak. One screen, phone in another room."},{"b":"The shutdown ritual","text":" — a hard close so attention recovers. The tempering cool that sets the edge."}]},{"nm":"/GAME","pr":"the consequences, simulated","bullets":[{"b":"The temper gauge","text":" — rises with depth, falls with fragmentation. Straw to blue, scored daily."},{"b":"The Interruption Tax","text":" — every context-switch deducts real minutes and bends your output curve."},{"b":"Streaks with teeth","text":" — not a flame emoji for showing up; the output you bought, or lost."}]}]}'::jsonb);
insert into blocks (site_slug, section, kind, position, data) values ('temper', 'engine', 'interruption-tax', 4, '{"k":"the consequence engine · play it","sub":"A deep-work block isn''t worth its raw minutes — you only reach depth after a <b>ramp</b>. An interruption doesn''t cost five minutes; it <b>severs the block and forces a fresh climb</b>. Four \"quick syncs\" cost the afternoon. Tap the track.","labStart":"1:00 PM","labMid":"A MAKER''S AFTERNOON · 5 HOURS","labEnd":"6:00 PM","hint":"tap anywhere to drop a \"quick interruption\"","addLabel":"+ Add a \"quick sync\"","resetLabel":"Reset the day","total":300,"ramp":23,"deepLabel":"DEEP-WORK EQUIVALENT","fragLabel":"FRAGMENTS","taxLabel":"TAX PAID TODAY","verdicts":[[0.92,"one clean block. this is the entire game — protect it."],[0.72,"still a real afternoon. one break is survivable; the edge holds."],[0.5,"the ramps are eating you. each return costs more than the interruption did."],[0.28,"fragments, not focus. you were available all day and built almost nothing."],[-1,"you attended a day of meetings and called it deep work. the museum of busy is open."]]}'::jsonb);
insert into blocks (site_slug, section, kind, position, data) values ('temper', 'cz', 'customer-zero', 5, '{"eyebrow":"customer zero · the receipts","h2":"This OS managed one stubborn engineer <em>before it asked for you.</em>","who":"SAME PERSON · EIGHT WEEKS APART · REAL RESTRUCTURES, NOT A MOCKUP","week0Label":"Week 0","week8Label":"Week 8","hours":["6a","9a","12p","3p","6p","9p","12a","2a"],"week0":[{"s":360,"e":540,"cls":"b-frag","label":"slow start"},{"s":540,"e":780,"cls":"b-frag","label":"reactive inbox"},{"s":780,"e":1080,"cls":"b-frag","label":"scattered work"},{"s":1080,"e":1200,"cls":"b-frag","label":"more reacting"},{"s":1200,"e":1260,"cls":"b-leisure","label":"friend chat"},{"s":1260,"e":1410,"cls":"b-leisure","label":"Call of Duty"},{"s":1410,"e":1560,"cls":"b-sync","label":"US sync — drifting to 2am"}],"week8":[{"s":360,"e":480,"cls":"b-recover","label":"wake · mobility"},{"s":480,"e":540,"cls":"b-train","label":"HIIT"},{"s":570,"e":660,"cls":"b-deep","label":"deep block"},{"s":660,"e":720,"cls":"b-train","label":"Muay Thai"},{"s":720,"e":840,"cls":"b-family","label":"lunch"},{"s":840,"e":1050,"cls":"b-deep","label":"deep block"},{"s":1080,"e":1140,"cls":"b-train","label":"strength"},{"s":1170,"e":1260,"cls":"b-family","label":"dinner · walk"},{"s":1260,"e":1410,"cls":"b-sync boxed","label":"US sync — boxed"},{"s":1410,"e":1560,"cls":"b-recover","label":"11:30 · sleep"}],"cap0":"<b>2:00am bedtimes.</b> Weeknight gaming, a sprawling US sync, and a day made of reactions. The edge never sets because the cool never comes.","cap8":"<b>11:30pm, lights out.</b> Two protected deep blocks at peak, training walled off, the sync boxed to 2.5 hours. Same person — re-architected, not white-knuckled.","moved":[["BEDTIME","2:00 AM","11:30 PM"],["NIGHTLY SLEEP","~5 hrs","~7.5 hrs"],["WEEKNIGHT GAMING","every night","weekends only"],["EVENING SYNC","open-ended","boxed · 2.5 hrs"],["PROTECTED DEEP BLOCKS","0 / day","2 / day"]],"shippedK":"and the output · the part you can actually click","shippedH":"One tempered year shipped this.","output":[{"u":"antyodaya.","h4":"A novel, Part I live","p":"A near-future political thriller with an interactive reader. Written in the protected evenings.","href":"https://antyodaya.zephyrcode.live"},{"u":"operator. + arcade.","h4":"A studio, five simulators","p":"Personal Operating Systems with consequence engines. FORGE is OS 01; you''re reading OS 02.","href":"https://operator.zephyrcode.live"},{"u":"read. watch. listen.","h4":"A whole library, indexed","p":"Books, screen and sound — sorted by state of mind, scored, and built by hand.","href":"https://read.zephyrcode.live"}],"punch":"You''re not reading a pitch. You''re standing <b>inside the output.</b>"}'::jsonb);
insert into blocks (site_slug, section, kind, position, data) values ('temper', 'build', 'build', 6, '{"eyebrow":"the build plan","h2":"How it ships — <em>and how it''s allowed to fail.</em>","split":[{"k":"The split","b":"You build TEMPER.","p":"Product, protocol, engine — the maker''s seat, full attention on OS 02."},{"k":"The other bag","b":"The cofounder carries FORGE.","p":"Distribution as an owner, measured on real numbers. Nobody quietly only building."}],"steps":[{"n":"STEP 01","b":"Build the wedge, not the OS.","p":"The <b>Interruption Tax</b> already lives in the Arcade — a free, playable argument. Ship the wedge; let demand pull the OS into existence."},{"n":"STEP 02","b":"Ship the minimum honest OS.","p":"Knowledge distilled, protocol tuned to one chronotype, engine live. One real cohort, one real price."},{"n":"STEP 03","b":"Tune on the cohort, then widen.","p":"Fit the protocol to the people running it — the way FORGE tuned on its own biology first."}],"kill":"KILL CRITERIA — a real paying-customer threshold by a real date, published either way. An attention OS that can''t hold its own deadline has refuted its central claim. We don''t get to exempt ourselves from the engine. Consequence engines that exempt their maker are called marketing.","ctas":[{"label":"Request the TEMPER pilot →","href":"mailto:hello@zephyrcode.live?subject=TEMPER%20pilot"},{"label":"Play the Interruption Tax","href":"https://arcade.zephyrcode.live"}]}'::jsonb);
insert into sites (slug, host, title, description, accent, og_image, nav_order) values ('arcade', 'arcade.zephyrcode.live', 'THE ARCADE — playable arguments · ZephyrCode', 'Five simulators you play with your hands and lose to with your habits. Insert intention.', '#E85D2A', null, 5) on conflict (slug) do update set host=excluded.host, title=excluded.title, description=excluded.description, accent=excluded.accent, og_image=excluded.og_image, nav_order=excluded.nav_order;
delete from blocks where site_slug = 'arcade';
insert into blocks (site_slug, section, kind, position, data) values ('arcade', 'crumb', 'kv', 0, '{"text":"THE ARCADE · PLAYABLE ARGUMENTS"}'::jsonb);
insert into blocks (site_slug, section, kind, position, data) values ('arcade', 'marquee', 'hero', 1, '{"ey":"arcade.zephyrcode.live","h1":"THE ARCADE","sub":"PLAYABLE ARGUMENTS · <b>INSERT INTENTION</b>"}'::jsonb);
insert into blocks (site_slug, section, kind, position, data) values ('arcade', 'lede', 'lede', 2, '{"html":"Five machines, five interaction grammars, zero loot boxes. Each one makes a claim about how your life actually works — then hands you the controls and lets you <b>lose to your own habits</b> in a safe, well-lit room. Cheaper than the real-world version. Significantly faster feedback."}'::jsonb);
insert into blocks (site_slug, section, kind, position, data) values ('arcade', 'play', 'kv', 3, '{"label":"PLAY →","hrefs":{"leap":"/m/leap","bedtime":"/m/bedtime","plate":"/m/plate","cascade":"/m/cascade","tax":"/m/tax"}}'::jsonb);
insert into blocks (site_slug, section, kind, position, data) values ('arcade', 'scores', 'kv', 4, '{"k":"TODAY''S HIGH SCORES","rows":[["PEOPLE WHO BEAT THE GLUCOSE CURVE","3"],["PEOPLE WHO QUIT IN MONTH ONE (SIMULATED)","412"],["PEOPLE WHO QUIT IN MONTH ONE (REAL)","0 — THAT''S THE POINT"],["MEETINGS DECLINED AFTER PLAYING THE TAX","COUNTING"]]}'::jsonb);
insert into blocks (site_slug, section, kind, position, data) values ('arcade', 'capture', 'kv', 5, '{"k":"ONE NEW MACHINE A MONTH.","sub":"No essays, just the cartridge.","placeholder":"your@address","button":"SUBSCRIBE","ok":"Noted. One cartridge a month.","err":"Didn''t take. Try again."}'::jsonb);
insert into blocks (site_slug, section, kind, position, data) values ('arcade', 'studio', 'kv', 6, '{"k":"COMMISSION A MACHINE","body":"I build the playable version of your course/book''s core idea. White-label, your domain, two-week turnaround.","cta":{"label":"operator.zephyrcode.live/commission →","href":"https://operator.zephyrcode.live/commission"}}'::jsonb);
delete from sims;
insert into sims (slug, name, grammar, blurb, position) values ('leap', 'THE LEAP', 'GRAMMAR · DRAG THE FUTURE', 'Drag the month you quit your job. Watch the valley floor rise — or not — to meet you.', 1);
insert into sims (slug, name, grammar, blurb, position) values ('bedtime', 'BEDTIME', 'GRAMMAR · SWIPE & SUFFER', 'A dilemma deck with four meters that remember exactly what you chose at 9:47pm.', 2);
insert into sims (slug, name, grammar, blurb, position) values ('plate', 'THE PLATE', 'GRAMMAR · DIRECT MANIPULATION', 'Build the meal with your hands; the glucose curve answers in real time. The curve is honest. Brutally.', 3);
insert into sims (slug, name, grammar, blurb, position) values ('cascade', 'CASCADE', 'GRAMMAR · AGENTS, RELEASED', 'How ideas actually spread — simple contagion versus the complex kind that needs three friends and a nudge.', 4);
insert into sims (slug, name, grammar, blurb, position) values ('tax', 'THE INTERRUPTION TAX', 'GRAMMAR · THE LEDGER', 'What one "quick meeting" really costs a maker''s afternoon. Bring a strong stomach.', 5);
insert into sites (slug, host, title, description, accent, og_image, nav_order) values ('read', 'read.zephyrcode.live', 'READ — the shelf with a temperature · ZephyrCode', 'Fourteen books on a single heat gradient — from Dinkar''s war drums to the dissolving quiet of The Book of Mirdad. Pick by the day you''re having, not the canon you''re told.', '#E85D2A', null, 6) on conflict (slug) do update set host=excluded.host, title=excluded.title, description=excluded.description, accent=excluded.accent, og_image=excluded.og_image, nav_order=excluded.nav_order;
delete from blocks where site_slug = 'read';
insert into blocks (site_slug, section, kind, position, data) values ('read', 'top', 'crumb', 1, '{"text":"READ · FIRE → STILLNESS"}'::jsonb);
insert into blocks (site_slug, section, kind, position, data) values ('read', 'hero', 'heading', 2, '{"eyebrow":"read.zephyrcode.live","h1Html":"The shelf with <em>a temperature.</em>","ledeHtml":"Fourteen books on one axis — <b>fire to stillness</b>, Dinkar''s war drums to the dissolving quiet of Mirdad. Genre is a librarian''s problem. The only real question is what the day is asking for. Set the dial; the shelf answers."}'::jsonb);
insert into blocks (site_slug, section, kind, position, data) values ('read', 'dial', 'dial', 3, '{"fire":"FIRE — pre-training, pre-war, pre-deadline","still":"STILL — after, and above","ariaLabel":"Mood: fire to stillness","askLines":[[0,"the day wants drums. the shelf agrees."],[25,"voltage with a spine. musashi is watching your posture."],[45,"the bridge: burn, but without smoke."],[65,"the emperor and the poet pour you something."],[82,"breathe out. the arguments are dissolving."],[101,""]]}'::jsonb);
insert into blocks (site_slug, section, kind, position, data) values ('read', 'start', 'picks', 4, '{"k":"START THIS WEEK · THE FOUR-BOOK IGNITION","picks":[["Rashmirathi","THE CENTER OF GRAVITY"],["The Book of Five Rings","THE TRAINING PARTNER"],["Bhagavad Gita","THE HINGE"],["Siddhartha","THE EXHALE"]],"tail":"Read the fire standing up and the stillness sitting down. There is no third posture; that''s the whole curriculum."}'::jsonb);
delete from books;
insert into books (position, title, author, pos, register, lang, note) values (1, 'Haldighati', 'Shyam Narayan Pandey', 0.02, 'FIRE', 'HINDI', 'Hooves, steel, and a horse that out-acts most protagonists. Pure veer rasa, zero apologies.');
insert into books (position, title, author, pos, register, lang, note) values (2, 'Rashmirathi', 'Ramdhari Singh Dinkar', 0.07, 'FIRE', 'HINDI', 'Karna''s answer to the accident of birth, delivered at sword-length. Krishna''s warning canto alone is worth the shelf. Start here.');
insert into books (position, title, author, pos, register, lang, note) values (3, 'Parashuram ki Prateeksha', 'Dinkar', 0.12, 'FIRE', 'HINDI', 'A nation scolded awake after 1962. Reads like a slap that loves you.');
insert into books (position, title, author, pos, register, lang, note) values (4, 'Ram ki Shakti Puja', 'Suryakant Tripathi ''Nirala''', 0.18, 'FIRE', 'HINDI', 'Even gods rehearse. Ram confronting his own weakness on the eve of war — dense, towering, worth the climb.');
insert into books (position, title, author, pos, register, lang, note) values (5, 'Hunkar', 'Dinkar', 0.22, 'FIRE', 'HINDI', 'The warm-up drum. Short blasts of voltage for mornings that start heavy.');
insert into books (position, title, author, pos, register, lang, note) values (6, 'The Book of Five Rings', 'Musashi · tr. Cleary', 0.28, 'FIRE', 'EN', 'Sixty duels undefeated, and his deepest advice is about attention. Talks straight to the gloves. Reread yearly.');
insert into books (position, title, author, pos, register, lang, note) values (7, 'Thus Spoke Zarathustra', 'Friedrich Nietzsche', 0.34, 'FIRE', 'EN · HARD', 'Osho''s number one. Prose-poetry that bites if grabbed — read in passages, like lifting, never to failure.');
insert into books (position, title, author, pos, register, lang, note) values (8, 'Kurukshetra', 'Dinkar', 0.45, 'BRIDGE', 'HINDI', 'Violence cross-examined on a bed of arrows. Where the fire poems start asking questions.');
insert into books (position, title, author, pos, register, lang, note) values (9, 'Bhagavad Gita', 'tr. Eknath Easwaran', 0.52, 'BRIDGE', 'EN', 'A warrior talked back into the fight and taught to burn without smoke. If you read one book off this shelf, this.');
insert into books (position, title, author, pos, register, lang, note) values (10, 'Meditations', 'Marcus Aurelius', 0.62, 'BRIDGE', 'EN', 'An emperor''s private notes on not becoming the thing he ruled. Written for an audience of one; somehow about you.');
insert into books (position, title, author, pos, register, lang, note) values (11, 'Madhushala', 'Harivansh Rai Bachchan', 0.68, 'BRIDGE', 'HINDI', 'Intoxication as theology. Sip, don''t gulp — every quatrain is a full pour.');
insert into books (position, title, author, pos, register, lang, note) values (12, 'Siddhartha', 'Hermann Hesse', 0.78, 'STILL', 'EN · EASY', 'Enlightenment by way of everything the monks renounce. The warm door into the quiet wing.');
insert into books (position, title, author, pos, register, lang, note) values (13, 'Enlightenment: The Only Revolution', 'Osho on Ashtavakra', 0.86, 'STILL', 'EN', 'The hammer that whispers: you are already free — stop applying. One discourse at a time, preferably horizontal.');
insert into books (position, title, author, pos, register, lang, note) values (14, 'The Book of Mirdad', 'Mikhail Naimy', 0.95, 'STILL', 'EN · SHORT', 'The quiet book that ends arguments by dissolving the arguer. Why Osho is Osho.');
insert into sites (slug, host, title, description, accent, og_image, nav_order) values ('watch', 'watch.zephyrcode.live', 'WATCH — eight mood channels · ZephyrCode', 'Series and films sorted by state of mind, not genre — from Brain on Fire to Decompress. Scored against one viewer''s taste profile, ranked without mercy.', '#C9A45C', null, 7) on conflict (slug) do update set host=excluded.host, title=excluded.title, description=excluded.description, accent=excluded.accent, og_image=excluded.og_image, nav_order=excluded.nav_order;
delete from blocks where site_slug = 'watch';
insert into blocks (site_slug, section, kind, position, data) values ('watch', 'hero', 'hero', 1, '{"eyebrow":"watch.zephyrcode.live","h1":"Eight channels. <em>Zero browsing.</em>","lede":"Streaming menus answer \"what exists.\" This answers <b>\"what is tonight for?\"</b> Every title is scored against one viewer''s taste profile — cerebral mystery, hard SF with a pulse, crime with a conscience — and ranked without mercy. <b>Dark</b> is the north star. It was always going to be."}'::jsonb);
insert into blocks (site_slug, section, kind, position, data) values ('watch', 'np', 'kv', 2, '{"tunedPrefix":"NOW TUNED · CH","footnote":"MATCH % = FIT TO THE HOUSE TASTE PROFILE, NOT QUALITY. QUALITY IS ASSUMED; WE DON''T SHELVE FILLER.","aria":"Mood channels"}'::jsonb);
insert into blocks (site_slug, section, kind, position, data) values ('watch', 'crumb', 'label', 3, '{"text":"WATCH · EIGHT MOOD CHANNELS"}'::jsonb);
delete from watch_titles;
delete from watch_channels;
with ch as (insert into watch_channels (n, name, tagline, position) values ('01', 'Brain on Fire', 'for when the day didn''t use all of you', 1) returning id)
insert into watch_titles (channel_id, title, match, platform, why, position) select ch.id, t.* from ch, (values ('Dark', 99::int, 'NETFLIX', 'Three generations, one cave, zero wasted scenes. The reference standard — watched five times in this house, still undefeated.', 1::int), ('Bodies', 94::int, 'NETFLIX', 'One corpse, four detectives, four timelines. A loop that actually closes.', 2::int), ('3 Body Problem', 92::int, 'NETFLIX', 'Physics breaks first; people follow. Read the trilogy and feel superior, gently.', 3::int)) as t(title, match, platform, why, position);
with ch as (insert into watch_channels (n, name, tagline, position) values ('02', 'Pure Puzzle', 'fair clues, no hand-holding', 2) returning id)
insert into watch_titles (channel_id, title, match, platform, why, position) select ch.id, t.* from ch, (values ('Dept. Q', 93::int, 'NETFLIX', 'Cold cases, colder detective. Procedural craft with actual procedure.', 1::int), ('Dark Matter', 90::int, 'ATV+', 'One choice, infinite Jasons. Crouch''s box, opened properly.', 2::int), ('Sherlock', 87::int, 'NETFLIX', 'The deduction-as-spectacle blueprint. Seasons one and two, then leave the table.', 3::int)) as t(title, match, platform, why, position);
with ch as (insert into watch_channels (n, name, tagline, position) values ('03', 'Adrenaline', 'gloves on, brain still invited', 3) returning id)
insert into watch_titles (channel_id, title, match, platform, why, position) select ch.id, t.* from ch, (values ('My Name', 91::int, 'NETFLIX', 'Revenge with footwork. The fight choreography respects your training eye.', 1::int), ('The Night Comes for Us', 88::int, 'NETFLIX', 'Indonesian action at maximum honesty. Stretch first.', 2::int), ('Extraction', 84::int, 'NETFLIX', 'One-take logistics. Cardio for the camera operator.', 3::int)) as t(title, match, platform, why, position);
with ch as (insert into watch_channels (n, name, tagline, position) values ('04', 'Shadow Games', 'spies, leaks, long knives', 4) returning id)
insert into watch_titles (channel_id, title, match, platform, why, position) select ch.id, t.* from ch, (values ('The Family Man', 95::int, 'PRIME', 'Middle management versus national security. The most honest job description on television.', 1::int), ('Slow Horses', 93::int, 'ATV+', 'Failed spies, magnificent spite. Lamb is a one-man counterargument to LinkedIn.', 2::int), ('The Night Manager', 87::int, 'JIO', 'Le Carré with better hotels. Treachery, beautifully lit.', 3::int)) as t(title, match, platform, why, position);
with ch as (insert into watch_channels (n, name, tagline, position) values ('05', 'Statecraft', 'power, watched closely', 5) returning id)
insert into watch_titles (channel_id, title, match, platform, why, position) select ch.id, t.* from ch, (values ('Scam 1992', 94::int, 'SONY', 'A market, a man, a margin call on an entire system. Rewatch material for systems thinkers.', 1::int), ('The Diplomat', 88::int, 'NETFLIX', 'Crisis management as bloodsport. Dialogue with elbows.', 2::int), ('House of Cards', 85::int, 'NETFLIX', 'The machinery of ambition, fourth wall optional. Early seasons, then exit clean.', 3::int)) as t(title, match, platform, why, position);
with ch as (insert into watch_channels (n, name, tagline, position) values ('06', 'Slow Descent', 'beautiful unravelings', 6) returning id)
insert into watch_titles (channel_id, title, match, platform, why, position) select ch.id, t.* from ch, (values ('Severance', 96::int, 'ATV+', 'Work-life balance, surgically enforced. The most elegant horror premise of the decade.', 1::int), ('Mr. Robot', 93::int, 'PRIME', 'An unreliable narrator with root access. Society gets debugged; so does he.', 2::int), ('The OA', 90::int, 'NETFLIX', 'Faith, movement, and a swing for the fences that connects. Yes, even the ending.', 3::int)) as t(title, match, platform, why, position);
with ch as (insert into watch_channels (n, name, tagline, position) values ('07', 'Prestige & Page', 'novels that learned to act', 7) returning id)
insert into watch_titles (channel_id, title, match, platform, why, position) select ch.id, t.* from ch, (values ('Shōgun', 96::int, 'JIO', 'Power as language lesson. Every silence is load-bearing.', 1::int), ('Pachinko', 95::int, 'ATV+', 'Four generations carried across water. Television that earns the word literature.', 2::int), ('The Queen''s Gambit', 91::int, 'NETFLIX', 'Genius as addiction with better lighting. The ceiling scene alone.', 3::int)) as t(title, match, platform, why, position);
with ch as (insert into watch_channels (n, name, tagline, position) values ('08', 'Decompress', 'low stakes, high craft', 8) returning id)
insert into watch_titles (channel_id, title, match, platform, why, position) select ch.id, t.* from ch, (values ('Our Planet', 86::int, 'NETFLIX', 'Attenborough administers perspective. The only feed worth doomscrolling.', 1::int), ('Chef''s Table', 84::int, 'NETFLIX', 'Obsession, plated. Watch a master descend, compress, animate, ship — sound familiar?', 2::int), ('Ted Lasso', 88::int, 'ATV+', 'Sincerity played as a power move. Recovery content for cynics.', 3::int)) as t(title, match, platform, why, position);
insert into sites (slug, host, title, description, accent, og_image, nav_order) values ('listen', 'listen.zephyrcode.live', 'LISTEN — the listening room · ZephyrCode', 'Five things a rig must prove — weight, stage, breath, detail, dynamics — and the tracks that interrogate each one. Reference chain: HD 660S2 into a FiiO K11 R2R, balanced, high gain.', '#E85D2A', null, 8) on conflict (slug) do update set host=excluded.host, title=excluded.title, description=excluded.description, accent=excluded.accent, og_image=excluded.og_image, nav_order=excluded.nav_order;
delete from blocks where site_slug = 'listen';
insert into blocks (site_slug, section, kind, position, data) values ('listen', 'hero', 'hero', 1, '{"eyebrow":"listen.zephyrcode.live","h1":"Five things a rig <em>must prove.</em>","lede":"Specifications are testimony; <b>music is cross-examination.</b> Below: the five proofs every chain in this house has to pass, the tracks that interrogate each one, and the scope showing what you should be hearing. No burn-in ritual required — <b>your ears do the burning-in.</b>"}'::jsonb);
insert into blocks (site_slug, section, kind, position, data) values ('listen', 'scope', 'kv', 2, '{"labPrefix":"PROOF ","hzLine":"REFERENCE TRACE · NOT TO SCALE · OBVIOUSLY","aria":"The five proofs"}'::jsonb);
insert into blocks (site_slug, section, kind, position, data) values ('listen', 'ignition', 'kv', 3, '{"k":"BONUS PROOF · IGNITION","t":"DIVINE · Seedhe Maut · gym volume","s":"THE IEM DEPARTMENT (ZERO:RED) HANDLES GLOVES-ON HOURS. THE HEADPHONES STAY HOME AND JUDGE."}'::jsonb);
insert into blocks (site_slug, section, kind, position, data) values ('listen', 'rig', 'kv', 4, '{"k":"THE RIG OF RECORD","chain":["SOURCE · LOSSLESS","FiiO K11 R2R","4.4mm BALANCED","SENNHEISER HD 660S2","STERNUM"],"note":"High gain, volume at \"respectful.\" R2R because numbers should pass through a ladder of actual resistors before becoming feelings. The truth-teller screen reads 44.1 when the stream behaves, and you check it the way other people check the weather. <b>Mobile detachment:</b> ZERO:RED IEMs off a ddHiFi dongle — the away kit for a rig that took the home game seriously."}'::jsonb);
insert into blocks (site_slug, section, kind, position, data) values ('listen', 'crumb', 'label', 5, '{"text":"LISTEN · THE LISTENING ROOM"}'::jsonb);
delete from listen_tracks;
delete from listen_proofs;
with pf as (insert into listen_proofs (n, name, claim, voices, position) values ('01', 'WEIGHT', 'Bass you feel in the sternum, not the eardrum. If the room doesn''t get heavier, return the cable.', '[{"c":"#E85D2A","w":2.5,"f":1.6,"a":52,"sp":0.9,"sub":0.5}]'::jsonb, 1) returning id)
insert into listen_tracks (proof_id, title, artist, why, position) select pf.id, t.* from pf, (values ('Why So Serious?', 'Hans Zimmer', 'The famous low-end descent — a structural inspection for your floor, your seal, your resolve.', 1::int), ('Angel', 'Massive Attack', 'A bassline with a predator''s patience. Texture down where most rigs only rumble.', 2::int)) as t(title, artist, why, position);
with pf as (insert into listen_proofs (n, name, claim, voices, position) values ('02', 'STAGE', 'Close your eyes; the band should have coordinates. Width is easy — depth is the tell.', '[{"c":"#E85D2A","w":2,"f":2.4,"a":34,"sp":1.1,"ph":0,"off":-22},{"c":"#C9A45C","w":2,"f":2.4,"a":34,"sp":1.1,"ph":2.1,"off":22}]'::jsonb, 2) returning id)
insert into listen_tracks (proof_id, title, artist, why, position) select pf.id, t.* from pf, (values ('Bubbles', 'Yosi Horikawa', 'Field recordings that place each droplet at an address. Imaging''s party trick, performed straight-faced.', 1::int), ('Time', 'Hans Zimmer', 'One phrase, twelve entrances. Count the layers arriving; lose count on purpose.', 2::int)) as t(title, artist, why, position);
with pf as (insert into listen_proofs (n, name, claim, voices, position) values ('03', 'BREATH', 'The air between notes — decay, room, the intake before the line. Intimacy is a resolution problem.', '[{"c":"#C9A45C","w":2,"f":3.2,"a":22,"sp":0.7,"noise":9}]'::jsonb, 3) returning id)
insert into listen_tracks (proof_id, title, artist, why, position) select pf.id, t.* from pf, (values ('Apocalypse', 'Cigarettes After Sex', 'Reverb tails you could sleep in. The vocal sits close enough to be a confession.', 1::int), ('Riverside', 'Agnes Obel', 'Felt on hammers, floorboards under pedals. You can hear the room thinking.', 2::int)) as t(title, artist, why, position);
with pf as (insert into listen_proofs (n, name, claim, voices, position) values ('04', 'DETAIL', 'What survives at low volume is the truth of a chain. Texture at the edge of silence.', '[{"c":"#E85D2A","w":1.6,"f":2,"a":26,"sp":0.8,"ripF":22,"ripA":7}]'::jsonb, 4) returning id)
insert into listen_tracks (proof_id, title, artist, why, position) select pf.id, t.* from pf, (values ('Hand Covers Bruise', 'Trent Reznor & Atticus Ross', 'A piano decaying over a noise floor that slowly tells the truth about your DAC.', 1::int), ('Says', 'Nils Frahm', 'One arpeggio, ten patient minutes, the swell of the decade. Detail becomes weather.', 2::int)) as t(title, artist, why, position);
with pf as (insert into listen_proofs (n, name, claim, voices, position) values ('05', 'DYNAMICS', 'The quiet must be honest so the loud can be violent. Warn the household; apologize to no one.', '[{"c":"#E85D2A","w":2.2,"f":5,"a":7,"sp":1.4,"burst":true}]'::jsonb, 5) returning id)
insert into listen_tracks (proof_id, title, artist, why, position) select pf.id, t.* from pf, (values ('No Time for Caution', 'Hans Zimmer', 'The docking scene. Organ at full sail. The dynamic swing other tracks gossip about.', 1::int), ('Mars, the Bringer of War', 'Gustav Holst', 'The orchestra as a weapons system — col legno strings like knuckles on wood.', 2::int)) as t(title, artist, why, position);
commit;
